,day,date,Mean temp,Min. temp,Max. temp,Sunshine (hour),Solar radiation,Precip. duration,Precip. amount
0,1,2018-01-01,6.800000000000001,5.2,8.8,21,224,69,47
1,2,2018-01-02,6.5,4.5,9.1,14,174,62,45
2,3,2018-01-03,8.8,5.4,11.200000000000001,2,76,51,95
3,4,2018-01-04,8.200000000000001,6.800000000000001,10.700000000000001,2,109,16,6
4,5,2018-01-05,6.4,4.4,8.700000000000001,0,116,24,27
5,6,2018-01-06,4.5,2.2,6.6000000000000005,7,189,0,0
6,7,2018-01-07,1.0,-1.2000000000000002,3.1,62,411,0,0
7,8,2018-01-08,1.1,-1.4000000000000001,3.9000000000000004,65,388,0,0
8,9,2018-01-09,3.0,-0.2,6.1000000000000005,3,190,0,0
9,10,2018-01-10,6.9,5.800000000000001,7.6000000000000005,0,69,58,26
10,11,2018-01-11,5.7,2.8000000000000003,7.6000000000000005,0,135,0,0
11,12,2018-01-12,5.0,4.1000000000000005,5.9,0,103,0,0
12,13,2018-01-13,4.2,1.2000000000000002,6.2,0,90,0,0
13,14,2018-01-14,2.9000000000000004,0.8,5.2,50,369,0,0
14,15,2018-01-15,5.2,1.7000000000000002,8.0,0,57,95,133
15,16,2018-01-16,5.2,2.5,6.9,29,336,39,83
16,17,2018-01-17,4.6000000000000005,2.0,6.0,5,205,22,27
17,18,2018-01-18,4.7,0.5,10.200000000000001,4,167,65,111
18,19,2018-01-19,3.7,1.4000000000000001,6.9,25,326,31,54
19,20,2018-01-20,2.2,0.8,3.6,4,121,20,11
20,21,2018-01-21,3.0,-0.4,6.9,48,431,27,21
21,22,2018-01-22,6.300000000000001,2.0,8.4,5,237,19,6
22,23,2018-01-23,8.1,4.6000000000000005,11.200000000000001,9,221,40,15
23,24,2018-01-24,11.700000000000001,7.300000000000001,14.4,0,147,41,42
24,25,2018-01-25,7.7,5.0,9.200000000000001,6,221,1,1
25,26,2018-01-26,5.4,2.5,8.6,12,297,0,0
26,27,2018-01-27,5.800000000000001,4.4,7.2,20,287,36,11
27,28,2018-01-28,9.700000000000001,6.9,10.8,17,278,0,-1
28,29,2018-01-29,8.8,4.6000000000000005,10.700000000000001,0,166,28,52
29,30,2018-01-30,4.7,2.1,7.4,62,485,0,0
30,31,2018-01-31,6.5,3.2,9.5,0,99,64,38
31,1,2018-02-01,3.4000000000000004,1.9000000000000001,6.1000000000000005,25,290,43,44
32,2,2018-02-02,4.4,-0.5,6.800000000000001,21,335,45,50
33,3,2018-02-03,2.0,-0.4,4.6000000000000005,3,185,22,17
34,4,2018-02-04,1.7000000000000002,-0.4,3.6,36,500,0,-1
35,5,2018-02-05,1.0,-2.1,3.4000000000000004,17,341,0,0
36,6,2018-02-06,-2.1,-4.6000000000000005,2.0,73,789,0,0
37,7,2018-02-07,-2.2,-6.800000000000001,1.9000000000000001,85,792,0,0
38,8,2018-02-08,1.0,-2.5,4.7,65,666,0,0
39,9,2018-02-09,0.6000000000000001,-0.9,2.2,21,415,5,1
40,10,2018-02-10,2.9000000000000004,0.2,7.0,37,478,2,1
41,11,2018-02-11,4.5,2.1,7.300000000000001,20,373,31,51
42,12,2018-02-12,3.0,0.7000000000000001,6.300000000000001,58,643,0,-1
43,13,2018-02-13,2.0,-1.2000000000000002,6.300000000000001,87,860,0,0
44,14,2018-02-14,1.9000000000000001,-2.2,5.5,87,873,0,0
45,15,2018-02-15,4.3,0.5,9.9,21,252,38,35
46,16,2018-02-16,3.2,-2.1,8.700000000000001,87,830,0,0
47,17,2018-02-17,0.9,-3.6,7.6000000000000005,65,686,0,0
48,18,2018-02-18,0.7000000000000001,-4.9,7.300000000000001,85,840,0,0
49,19,2018-02-19,1.2000000000000002,-2.5,3.4000000000000004,0,326,0,-1
50,20,2018-02-20,0.8,-3.8000000000000003,4.6000000000000005,12,439,0,0
51,21,2018-02-21,0.30000000000000004,-3.9000000000000004,4.7,92,929,0,0
52,22,2018-02-22,0.2,-3.0,5.0,89,989,0,0
53,23,2018-02-23,-0.5,-3.8000000000000003,3.5,85,1068,0,0
54,24,2018-02-24,-0.4,-3.4000000000000004,3.3000000000000003,93,1013,0,0
55,25,2018-02-25,-2.2,-4.9,1.1,97,1140,0,0
56,26,2018-02-26,-3.3000000000000003,-5.9,0.0,71,866,0,-1
57,27,2018-02-27,-3.6,-6.4,0.2,87,1028,0,-1
58,28,2018-02-28,-6.6000000000000005,-8.5,-4.6000000000000005,73,851,0,-1
59,1,2018-03-01,-4.7,-8.3,-0.7000000000000001,54,838,0,0
60,2,2018-03-02,-3.7,-7.2,-0.5,68,851,0,-1
61,3,2018-03-03,-1.7000000000000002,-4.5,1.2000000000000002,18,536,0,-1
62,4,2018-03-04,5.0,-2.2,11.3,50,893,22,19
63,5,2018-03-05,6.6000000000000005,3.2,12.0,91,1125,0,0
64,6,2018-03-06,5.6000000000000005,1.0,10.100000000000001,29,708,0,0
65,7,2018-03-07,5.9,0.8,9.5,34,725,40,35
66,8,2018-03-08,4.800000000000001,1.2000000000000002,8.3,20,426,32,47
67,9,2018-03-09,6.5,2.9000000000000004,9.700000000000001,58,973,51,29
68,10,2018-03-10,11.4,7.1000000000000005,15.100000000000001,18,690,66,43
69,11,2018-03-11,10.200000000000001,7.1000000000000005,13.9,25,572,10,12
70,12,2018-03-12,10.3,7.4,14.3,26,720,18,12
71,13,2018-03-13,5.6000000000000005,3.7,8.9,0,205,76,71
72,14,2018-03-14,5.800000000000001,-0.4,11.100000000000001,94,1369,0,-1
73,15,2018-03-15,7.300000000000001,3.6,10.700000000000001,40,761,31,10
74,16,2018-03-16,3.8000000000000003,0.0,6.2,0,199,6,4
75,17,2018-03-17,-1.4000000000000001,-2.6,0.0,5,621,0,-1
76,18,2018-03-18,-1.0,-3.0,1.2000000000000002,49,1075,0,0
77,19,2018-03-19,-0.2,-3.9000000000000004,4.7,109,1662,0,-1
78,20,2018-03-20,3.8000000000000003,-1.3,7.9,105,1663,0,-1
79,21,2018-03-21,3.6,-3.6,8.0,79,1126,0,-1
80,22,2018-03-22,6.4,4.1000000000000005,9.9,29,620,44,33
81,23,2018-03-23,6.2,5.2,7.300000000000001,1,573,0,-1
82,24,2018-03-24,6.5,0.0,12.5,47,1132,0,0
83,25,2018-03-25,5.4,-1.8,12.3,82,1362,0,0
84,26,2018-03-26,4.7,0.0,11.200000000000001,39,994,13,15
85,27,2018-03-27,5.6000000000000005,0.7000000000000001,9.8,10,669,36,17
86,28,2018-03-28,5.9,2.8000000000000003,7.800000000000001,0,318,108,124
87,29,2018-03-29,6.5,3.6,10.700000000000001,58,1231,11,2
88,30,2018-03-30,9.0,5.2,13.5,56,1336,46,24
89,31,2018-03-31,7.2,2.5,12.4,29,1050,47,100
90,1,2018-04-01,4.800000000000001,0.6000000000000001,7.7,4,413,16,7
91,2,2018-04-02,7.7,0.4,12.100000000000001,10,747,56,11
92,3,2018-04-03,12.700000000000001,9.1,17.0,39,1218,18,25
93,4,2018-04-04,10.3,7.800000000000001,14.700000000000001,22,717,12,49
94,5,2018-04-05,5.9,0.1,9.9,49,1014,15,24
95,6,2018-04-06,8.8,0.0,14.700000000000001,119,1955,0,0
96,7,2018-04-07,13.9,8.6,21.6,100,1765,0,0
97,8,2018-04-08,15.200000000000001,7.7,23.400000000000002,96,1723,0,0
98,9,2018-04-09,12.600000000000001,9.200000000000001,17.5,23,975,0,-1
99,10,2018-04-10,15.5,9.5,20.0,32,1241,0,-1
100,11,2018-04-11,12.700000000000001,8.5,17.5,22,1028,7,21
101,12,2018-04-12,10.4,6.5,14.600000000000001,18,696,7,2
102,13,2018-04-13,10.0,3.8000000000000003,14.4,18,931,0,0
103,14,2018-04-14,11.5,6.9,16.1,47,1214,16,10
104,15,2018-04-15,12.700000000000001,9.4,17.2,16,864,51,66
105,16,2018-04-16,11.4,5.1000000000000005,16.1,105,1918,2,1
106,17,2018-04-17,12.8,4.7,20.3,114,2021,0,0
107,18,2018-04-18,16.3,6.9,23.5,128,2176,0,0
108,19,2018-04-19,19.200000000000003,9.4,27.400000000000002,131,2219,0,0
109,20,2018-04-20,18.3,10.0,26.5,131,2181,0,0
110,21,2018-04-21,15.5,7.9,22.1,130,2241,0,0
111,22,2018-04-22,17.900000000000002,9.9,26.6,93,1953,0,-1
112,23,2018-04-23,13.100000000000001,9.700000000000001,16.6,94,1755,0,0
113,24,2018-04-24,12.9,9.5,15.5,5,746,3,1
114,25,2018-04-25,11.5,8.5,14.5,52,1313,20,52
115,26,2018-04-26,10.3,7.7,13.700000000000001,94,1829,10,51
116,27,2018-04-27,10.3,4.0,15.100000000000001,31,1229,2,1
117,28,2018-04-28,11.700000000000001,4.9,14.5,16,859,2,5
118,29,2018-04-29,9.200000000000001,3.2,12.200000000000001,4,478,70,196
119,30,2018-04-30,9.5,5.800000000000001,13.200000000000001,9,551,131,272
120,1,2018-05-01,7.9,2.6,12.8,81,1861,83,92
121,2,2018-05-02,10.9,1.8,16.900000000000002,112,2457,14,2
122,3,2018-05-03,10.4,4.1000000000000005,15.600000000000001,138,2578,0,0
123,4,2018-05-04,11.9,2.3000000000000003,18.5,138,2586,0,0
124,5,2018-05-05,14.700000000000001,5.800000000000001,22.0,140,2620,0,0
125,6,2018-05-06,17.2,6.2,25.8,140,2679,0,0
126,7,2018-05-07,18.0,8.5,25.3,142,2668,0,0
127,8,2018-05-08,19.1,9.700000000000001,26.6,142,2640,0,0
128,9,2018-05-09,17.900000000000002,10.0,25.400000000000002,133,2497,0,0
129,10,2018-05-10,12.100000000000001,5.300000000000001,16.7,59,1525,21,17
130,11,2018-05-11,12.3,2.5,18.7,126,2461,0,0
131,12,2018-05-12,17.0,7.2,23.3,68,2003,0,0
132,13,2018-05-13,13.100000000000001,11.200000000000001,16.3,0,689,46,24
133,14,2018-05-14,18.7,11.200000000000001,25.8,102,2303,0,0
134,15,2018-05-15,19.200000000000003,12.600000000000001,24.6,143,2627,0,0
135,16,2018-05-16,15.3,11.0,20.700000000000003,47,1850,3,1
136,17,2018-05-17,11.4,8.5,15.3,117,2617,0,0
137,18,2018-05-18,10.9,8.1,14.600000000000001,48,1808,0,0
138,19,2018-05-19,11.0,6.1000000000000005,14.100000000000001,1,1048,0,0
139,20,2018-05-20,15.4,4.7,24.200000000000003,127,2683,0,0
140,21,2018-05-21,19.200000000000003,9.1,25.700000000000003,115,2324,0,0
141,22,2018-05-22,18.3,14.4,24.3,35,1609,6,8
142,23,2018-05-23,18.8,14.3,25.200000000000003,29,1325,9,15
143,24,2018-05-24,18.3,13.3,22.6,31,1033,7,6
144,25,2018-05-25,20.6,15.9,26.1,105,2380,0,0
145,26,2018-05-26,23.0,14.700000000000001,29.0,119,2574,0,0
146,27,2018-05-27,20.3,15.3,26.200000000000003,31,1224,19,19
147,28,2018-05-28,22.5,13.100000000000001,29.700000000000003,116,2465,3,5
148,29,2018-05-29,22.1,18.0,30.700000000000003,80,1939,32,148
149,30,2018-05-30,21.5,16.8,26.5,86,2212,2,1
150,31,2018-05-31,20.200000000000003,16.5,24.0,77,1774,9,37
151,1,2018-06-01,17.6,14.4,23.400000000000002,12,1160,15,47
152,2,2018-06-02,17.0,14.8,20.3,1,767,12,12
153,3,2018-06-03,19.3,15.5,23.5,46,1568,0,-1
154,4,2018-06-04,18.2,15.8,23.200000000000003,49,1718,0,0
155,5,2018-06-05,16.7,13.4,20.8,79,2081,0,0
156,6,2018-06-06,19.8,11.5,27.6,142,2681,0,0
157,7,2018-06-07,22.400000000000002,12.8,28.6,148,2821,0,0
158,8,2018-06-08,18.5,17.400000000000002,19.900000000000002,0,536,36,50
159,9,2018-06-09,19.8,16.2,24.5,87,2370,0,0
160,10,2018-06-10,18.2,12.9,22.8,98,2465,0,0
161,11,2018-06-11,16.900000000000002,10.100000000000001,22.400000000000002,128,2624,0,0
162,12,2018-06-12,14.8,13.100000000000001,16.7,6,979,0,-1
163,13,2018-06-13,14.700000000000001,9.600000000000001,19.400000000000002,55,1750,0,0
164,14,2018-06-14,15.700000000000001,9.0,19.8,32,1146,12,9
165,15,2018-06-15,18.8,14.8,24.200000000000003,83,2425,0,0
166,16,2018-06-16,17.5,14.700000000000001,21.3,32,1713,0,0
167,17,2018-06-17,15.600000000000001,14.200000000000001,18.2,4,932,0,-1
168,18,2018-06-18,16.7,14.700000000000001,19.200000000000003,21,761,0,-1
169,19,2018-06-19,17.7,13.8,20.400000000000002,1,700,0,-1
170,20,2018-06-20,19.1,13.9,25.200000000000003,76,1897,0,0
171,21,2018-06-21,14.4,11.600000000000001,17.7,81,1921,0,-1
172,22,2018-06-22,13.3,9.1,16.8,15,1312,0,-1
173,23,2018-06-23,15.100000000000001,8.9,20.0,49,1630,0,-1
174,24,2018-06-24,14.700000000000001,10.700000000000001,17.7,7,1349,0,-1
175,25,2018-06-25,16.5,10.5,21.400000000000002,96,2364,0,-1
176,26,2018-06-26,16.0,8.9,21.5,125,2922,0,0
177,27,2018-06-27,17.900000000000002,9.9,24.5,125,2690,0,0
178,28,2018-06-28,21.200000000000003,14.5,27.0,145,2668,0,0
179,29,2018-06-29,19.5,13.700000000000001,26.1,153,2953,0,0
180,30,2018-06-30,21.3,12.600000000000001,27.900000000000002,153,3005,0,0
181,1,2018-07-01,21.3,15.600000000000001,26.5,153,3056,0,0
182,2,2018-07-02,20.6,12.9,26.900000000000002,153,3035,0,0
183,3,2018-07-03,19.6,12.5,26.0,153,2961,0,0
184,4,2018-07-04,19.200000000000003,13.200000000000001,25.200000000000003,119,2614,0,-1
185,5,2018-07-05,18.900000000000002,13.600000000000001,24.3,134,2772,0,0
186,6,2018-07-06,19.5,13.0,25.200000000000003,64,2082,0,0
187,7,2018-07-07,18.3,10.0,24.900000000000002,119,2505,0,0
188,8,2018-07-08,18.6,10.0,24.400000000000002,148,2874,0,0
189,9,2018-07-09,17.5,11.5,22.700000000000003,22,1315,0,-1
190,10,2018-07-10,16.1,11.4,21.700000000000003,42,1161,4,1
191,11,2018-07-11,17.8,9.3,22.700000000000003,79,1750,0,0
192,12,2018-07-12,19.0,13.600000000000001,24.6,114,2635,0,0
193,13,2018-07-13,18.5,12.5,24.3,111,2591,0,0
194,14,2018-07-14,18.8,10.8,24.900000000000002,148,2880,0,0
195,15,2018-07-15,20.8,10.600000000000001,28.700000000000003,140,2749,0,0
196,16,2018-07-16,22.6,11.4,29.700000000000003,137,2667,0,-1
197,17,2018-07-17,20.0,12.0,26.0,127,2565,0,-1
198,18,2018-07-18,19.1,10.4,25.3,98,2099,0,0
199,19,2018-07-19,19.6,11.8,25.900000000000002,98,2123,0,0
200,20,2018-07-20,19.1,10.5,25.200000000000003,124,2554,0,0
201,21,2018-07-21,21.1,14.700000000000001,26.8,141,2625,0,0
202,22,2018-07-22,20.6,14.0,27.200000000000003,108,2310,0,0
203,23,2018-07-23,22.5,13.100000000000001,29.700000000000003,147,2646,0,0
204,24,2018-07-24,24.6,15.9,31.900000000000002,101,2183,0,0
205,25,2018-07-25,24.400000000000002,18.3,30.200000000000003,76,1623,0,-1
206,26,2018-07-26,27.700000000000003,19.200000000000003,35.7,118,2497,0,-1
207,27,2018-07-27,29.700000000000003,22.400000000000002,35.4,132,2569,0,0
208,28,2018-07-28,20.3,13.4,24.200000000000003,71,1570,17,52
209,29,2018-07-29,21.3,13.5,26.700000000000003,44,1607,0,-1
210,30,2018-07-30,24.0,16.8,30.6,93,2261,0,0
211,31,2018-07-31,20.6,13.0,26.6,92,2124,0,0
212,1,2018-08-01,20.400000000000002,11.100000000000001,27.6,103,2305,0,0
213,2,2018-08-02,22.6,14.5,29.700000000000003,133,2501,0,0
214,3,2018-08-03,23.900000000000002,14.3,30.700000000000003,138,2528,0,0
215,4,2018-08-04,22.400000000000002,16.2,28.3,98,2110,0,0
216,5,2018-08-05,20.5,14.4,25.5,124,2332,0,0
217,6,2018-08-06,23.1,12.600000000000001,31.3,140,2531,0,0
218,7,2018-08-07,25.900000000000002,14.600000000000001,33.9,109,2343,8,13
219,8,2018-08-08,19.6,12.0,23.200000000000003,42,1276,19,32
220,9,2018-08-09,17.2,10.9,23.0,31,796,38,85
221,10,2018-08-10,16.5,12.600000000000001,21.1,79,1766,45,66
222,11,2018-08-11,15.600000000000001,11.0,20.900000000000002,109,2085,6,1
223,12,2018-08-12,19.8,11.200000000000001,27.1,29,1522,0,-1
224,13,2018-08-13,18.7,16.2,22.6,26,918,25,106
225,14,2018-08-14,18.8,15.700000000000001,22.400000000000002,62,1508,6,6
226,15,2018-08-15,19.700000000000003,16.400000000000002,22.6,15,1030,0,0
227,16,2018-08-16,18.400000000000002,14.9,23.6,79,1445,8,13
228,17,2018-08-17,17.400000000000002,11.0,23.200000000000003,89,1925,22,46
229,18,2018-08-18,17.8,10.9,21.700000000000003,48,1159,0,0
230,19,2018-08-19,19.400000000000002,17.0,22.700000000000003,2,953,0,0
231,20,2018-08-20,19.6,14.5,23.1,36,985,0,0
232,21,2018-08-21,20.0,14.200000000000001,25.8,58,1570,0,0
233,22,2018-08-22,19.5,13.600000000000001,25.3,102,1897,0,0
234,23,2018-08-23,18.3,12.9,22.200000000000003,7,817,9,22
235,24,2018-08-24,15.5,10.8,19.8,84,1653,20,56
236,25,2018-08-25,12.700000000000001,9.1,16.8,67,1383,64,166
237,26,2018-08-26,14.5,7.0,19.6,61,1574,22,13
238,27,2018-08-27,17.1,13.3,19.3,9,748,9,2
239,28,2018-08-28,16.7,10.100000000000001,21.3,43,1178,0,0
240,29,2018-08-29,14.700000000000001,8.3,19.700000000000003,20,742,37,66
241,30,2018-08-30,15.0,8.0,19.900000000000002,94,1795,0,0
242,31,2018-08-31,12.4,6.9,18.0,21,943,0,0
243,1,2018-09-01,13.5,5.2,20.8,104,1740,0,0
244,2,2018-09-02,15.9,7.1000000000000005,22.5,101,1731,0,0
245,3,2018-09-03,18.6,14.5,22.200000000000003,16,783,0,-1
246,4,2018-09-04,20.6,18.3,25.3,36,1286,0,-1
247,5,2018-09-05,19.0,17.0,22.8,33,929,17,44
248,6,2018-09-06,16.6,13.100000000000001,19.0,10,469,36,57
249,7,2018-09-07,14.600000000000001,12.200000000000001,17.400000000000002,85,1532,36,54
250,8,2018-09-08,14.8,11.5,18.400000000000002,40,1112,0,-1
251,9,2018-09-09,18.3,13.3,23.6,55,1413,0,-1
252,10,2018-09-10,17.400000000000002,14.9,20.1,9,879,0,0
253,11,2018-09-11,18.8,14.9,22.6,20,969,0,0
254,12,2018-09-12,15.3,11.9,18.400000000000002,2,444,9,11
255,13,2018-09-13,13.0,7.0,19.5,116,1769,0,0
256,14,2018-09-14,13.5,4.800000000000001,19.900000000000002,81,1430,0,0
257,15,2018-09-15,14.700000000000001,8.8,20.3,61,1107,4,2
258,16,2018-09-16,14.600000000000001,7.800000000000001,22.400000000000002,51,1156,0,0
259,17,2018-09-17,15.3,7.6000000000000005,24.200000000000003,104,1548,0,0
260,18,2018-09-18,18.900000000000002,9.3,24.6,114,1601,0,0
261,19,2018-09-19,19.1,13.8,23.6,82,1315,0,0
262,20,2018-09-20,19.700000000000003,16.400000000000002,23.6,74,1216,0,0
263,21,2018-09-21,15.4,9.5,20.0,51,986,24,83
264,22,2018-09-22,12.100000000000001,10.5,15.8,16,593,68,62
265,23,2018-09-23,9.5,5.800000000000001,10.9,4,262,87,97
266,24,2018-09-24,9.9,4.9,15.4,91,1330,3,5
267,25,2018-09-25,9.4,2.5,16.400000000000002,102,1517,0,0
268,26,2018-09-26,11.9,3.9000000000000004,19.0,93,1428,0,0
269,27,2018-09-27,13.200000000000001,6.7,21.5,108,1474,0,0
270,28,2018-09-28,11.4,2.7,16.3,73,1160,0,0
271,29,2018-09-29,7.5,1.0,15.5,103,1352,0,0
272,30,2018-09-30,9.9,-0.1,17.5,83,1187,0,-1
273,1,2018-10-01,9.5,6.2,13.3,74,1016,31,35
274,2,2018-10-02,11.700000000000001,7.800000000000001,16.5,34,578,42,39
275,3,2018-10-03,12.600000000000001,8.4,16.400000000000002,72,1076,0,-1
276,4,2018-10-04,14.700000000000001,11.600000000000001,18.0,8,571,0,0
277,5,2018-10-05,12.8,7.300000000000001,21.200000000000003,103,1254,0,0
278,6,2018-10-06,13.9,6.300000000000001,21.0,90,1148,0,-1
279,7,2018-10-07,10.100000000000001,3.6,15.3,84,1110,0,0
280,8,2018-10-08,9.5,2.9000000000000004,16.900000000000002,77,980,0,0
281,9,2018-10-09,10.9,5.800000000000001,19.1,86,1159,0,0
282,10,2018-10-10,15.100000000000001,5.0,23.5,100,1172,0,0
283,11,2018-10-11,17.6,13.0,22.900000000000002,61,885,0,-1
284,12,2018-10-12,18.7,14.700000000000001,22.8,90,1023,5,1
285,13,2018-10-13,20.0,15.4,26.3,95,1034,0,0
286,14,2018-10-14,17.400000000000002,12.600000000000001,24.200000000000003,81,970,0,0
287,15,2018-10-15,16.1,10.700000000000001,22.900000000000002,61,842,0,0
288,16,2018-10-16,15.3,8.8,24.3,74,942,0,0
289,17,2018-10-17,13.200000000000001,8.200000000000001,20.200000000000003,54,763,0,0
290,18,2018-10-18,12.200000000000001,7.300000000000001,16.3,75,867,0,-1
291,19,2018-10-19,9.200000000000001,2.7,15.8,87,977,0,0
292,20,2018-10-20,8.6,1.5,15.600000000000001,38,652,0,0
293,21,2018-10-21,12.200000000000001,6.1000000000000005,16.5,34,635,0,0
294,22,2018-10-22,10.8,3.1,15.0,67,738,2,2
295,23,2018-10-23,12.8,7.9,14.700000000000001,1,234,0,-1
296,24,2018-10-24,14.0,12.200000000000001,16.3,30,452,10,5
297,25,2018-10-25,12.100000000000001,10.9,13.600000000000001,1,220,5,3
298,26,2018-10-26,9.5,6.0,11.8,0,194,36,73
299,27,2018-10-27,7.1000000000000005,3.6,11.3,71,786,19,11
300,28,2018-10-28,4.0,0.7000000000000001,7.800000000000001,85,863,0,0
301,29,2018-10-29,4.4,2.0,6.1000000000000005,0,169,0,-1
302,30,2018-10-30,5.7,3.7,9.4,0,117,118,192
303,31,2018-10-31,8.5,4.6000000000000005,11.4,63,682,12,5
304,1,2018-11-01,10.4,8.5,13.200000000000001,9,298,64,38
305,2,2018-11-02,7.800000000000001,2.3000000000000003,11.8,71,697,28,19
306,3,2018-11-03,4.3,-0.1,10.100000000000001,65,588,0,0
307,4,2018-11-04,5.9,0.6000000000000001,11.9,71,602,0,0
308,5,2018-11-05,7.7,5.1000000000000005,11.200000000000001,24,415,0,0
309,6,2018-11-06,12.4,6.800000000000001,19.0,59,627,0,0
310,7,2018-11-07,11.100000000000001,8.700000000000001,13.9,19,321,15,11
311,8,2018-11-08,9.200000000000001,4.0,13.700000000000001,78,654,0,-1
312,9,2018-11-09,9.0,5.800000000000001,11.200000000000001,30,400,0,-1
313,10,2018-11-10,11.600000000000001,9.3,13.4,1,178,55,42
314,11,2018-11-11,11.4,8.200000000000001,13.4,4,209,38,68
315,12,2018-11-12,10.0,8.5,11.700000000000001,2,176,74,53
316,13,2018-11-13,10.200000000000001,8.1,13.200000000000001,65,501,4,1
317,14,2018-11-14,8.0,3.8000000000000003,13.200000000000001,77,537,0,0
318,15,2018-11-15,6.9,3.1,12.8,72,538,0,0
319,16,2018-11-16,3.4000000000000004,0.6000000000000001,7.7,20,216,0,0
320,17,2018-11-17,4.1000000000000005,1.0,9.1,75,556,0,0
321,18,2018-11-18,2.9000000000000004,-1.4000000000000001,7.800000000000001,70,531,0,0
322,19,2018-11-19,4.9,2.8000000000000003,6.9,2,173,1,1
323,20,2018-11-20,3.4000000000000004,2.6,4.4,0,59,0,-1
324,21,2018-11-21,3.4000000000000004,1.8,5.300000000000001,3,254,5,1
325,22,2018-11-22,3.2,1.7000000000000002,4.3,2,159,0,0
326,23,2018-11-23,3.2,-0.8,6.9,20,307,0,-1
327,24,2018-11-24,2.4000000000000004,0.6000000000000001,3.5,0,101,0,0
328,25,2018-11-25,3.4000000000000004,1.9000000000000001,4.7,0,95,0,0
329,26,2018-11-26,4.9,3.5,6.0,0,90,0,-1
330,27,2018-11-27,3.3000000000000003,1.4000000000000001,5.2,0,133,0,0
331,28,2018-11-28,6.1000000000000005,2.8000000000000003,9.5,0,90,54,50
332,29,2018-11-29,10.200000000000001,9.5,11.200000000000001,0,89,112,68
333,30,2018-11-30,9.600000000000001,6.300000000000001,11.600000000000001,16,236,0,0
334,1,2018-12-01,7.7,5.7,9.600000000000001,6,215,72,20
335,2,2018-12-02,12.0,9.600000000000001,13.200000000000001,0,61,112,59
336,3,2018-12-03,11.4,7.4,13.3,13,217,33,26
337,4,2018-12-04,4.800000000000001,0.2,9.600000000000001,58,350,4,2
338,5,2018-12-05,5.5,1.7000000000000002,8.4,0,136,47,20
339,6,2018-12-06,11.100000000000001,8.4,12.3,0,70,60,21
340,7,2018-12-07,10.0,7.1000000000000005,11.8,0,44,116,131
341,8,2018-12-08,9.1,6.7,11.200000000000001,0,90,80,160
342,9,2018-12-09,8.1,5.5,10.0,18,188,76,105
343,10,2018-12-10,5.5,3.6,7.7,24,204,24,23
344,11,2018-12-11,3.9000000000000004,-0.9,7.7,27,239,2,1
345,12,2018-12-12,0.8,-2.9000000000000004,4.3,0,167,0,0
346,13,2018-12-13,0.8,-0.8,2.5,65,360,0,0
347,14,2018-12-14,0.9,-0.8,3.3000000000000003,64,382,0,0
348,15,2018-12-15,0.30000000000000004,-1.1,0.8,0,106,7,9
349,16,2018-12-16,1.4000000000000001,-1.0,3.3000000000000003,0,90,27,20
350,17,2018-12-17,5.6000000000000005,2.4000000000000004,8.4,0,88,63,62
351,18,2018-12-18,6.4,4.4,7.9,20,182,0,0
352,19,2018-12-19,7.4,5.5,9.8,6,129,5,1
353,20,2018-12-20,7.5,5.4,8.700000000000001,0,76,20,37
354,21,2018-12-21,9.700000000000001,7.4,12.3,0,47,101,140
355,22,2018-12-22,9.600000000000001,8.9,10.8,3,127,40,59
356,23,2018-12-23,7.1000000000000005,5.4,8.9,0,67,126,96
357,24,2018-12-24,5.7,3.2,8.4,50,355,0,-1
358,25,2018-12-25,5.6000000000000005,3.7,7.5,22,219,0,0
359,26,2018-12-26,4.0,1.5,5.300000000000001,0,91,0,0
360,27,2018-12-27,0.8,-2.7,4.800000000000001,21,243,0,0
361,28,2018-12-28,2.3000000000000003,-3.1,5.4,0,46,0,0
362,29,2018-12-29,7.9,5.4,10.9,0,57,11,4
363,30,2018-12-30,8.5,6.2,9.5,0,112,48,10
364,31,2018-12-31,8.9,7.7,10.0,3,137,7,1
365,1,2019-01-01,7.7,5.5,9.4,11,177,20,4
366,2,2019-01-02,5.4,4.1000000000000005,6.9,9,160,4,2
367,3,2019-01-03,4.0,2.4000000000000004,6.6000000000000005,30,296,0,-1
368,4,2019-01-04,5.1000000000000005,1.9000000000000001,6.5,0,39,0,-1
369,5,2019-01-05,7.0,5.7,8.0,0,71,8,3
370,6,2019-01-06,6.1000000000000005,3.1,7.5,7,174,0,-1
371,7,2019-01-07,6.7,0.4,10.200000000000001,0,81,12,13
372,8,2019-01-08,7.1000000000000005,3.7,8.5,2,132,23,37
373,9,2019-01-09,4.9,3.2,7.2,65,435,3,4
374,10,2019-01-10,3.0,-0.2,5.4,0,128,53,12
375,11,2019-01-11,6.800000000000001,3.8000000000000003,8.6,0,125,50,25
376,12,2019-01-12,7.6000000000000005,6.4,8.8,0,62,59,36
377,13,2019-01-13,8.9,7.9,10.0,0,58,67,60
378,14,2019-01-14,5.1000000000000005,2.3000000000000003,8.4,48,376,18,38
379,15,2019-01-15,6.4,2.4000000000000004,8.4,7,185,0,-1
380,16,2019-01-16,6.1000000000000005,4.3,7.7,0,101,53,50
381,17,2019-01-17,2.9000000000000004,0.1,4.7,17,195,46,124
382,18,2019-01-18,-0.4,-3.9000000000000004,4.6000000000000005,60,440,0,0
383,19,2019-01-19,-1.4000000000000001,-3.7,1.9000000000000001,51,453,0,0
384,20,2019-01-20,-2.6,-6.4,2.9000000000000004,73,548,0,0
385,21,2019-01-21,-1.9000000000000001,-8.1,4.800000000000001,75,559,0,0
386,22,2019-01-22,-1.7000000000000002,-3.4000000000000004,-0.6000000000000001,2,133,65,22
387,23,2019-01-23,-1.0,-3.3000000000000003,0.0,0,190,0,0
388,24,2019-01-24,-2.0,-2.5,-1.1,0,204,0,-1
389,25,2019-01-25,0.8,-2.8000000000000003,7.2,0,150,39,22
390,26,2019-01-26,7.2,6.6000000000000005,7.7,0,115,42,41
391,27,2019-01-27,5.800000000000001,3.9000000000000004,7.4,8,161,105,79
392,28,2019-01-28,3.9000000000000004,0.4,6.300000000000001,16,309,45,26
393,29,2019-01-29,1.6,0.0,4.2,75,541,0,-1
394,30,2019-01-30,0.7000000000000001,-0.30000000000000004,2.4000000000000004,12,323,52,39
395,31,2019-01-31,-1.1,-2.7,0.9,0,145,0,-1
396,1,2019-02-01,0.8,-1.1,2.1,0,176,20,10
397,2,2019-02-02,1.6,-0.30000000000000004,2.4000000000000004,0,160,57,29
398,3,2019-02-03,1.8,-2.7,6.7,69,645,0,0
399,4,2019-02-04,2.1,-0.1,3.6,0,175,84,30
400,5,2019-02-05,4.0,2.8000000000000003,5.300000000000001,0,128,3,1
401,6,2019-02-06,5.1000000000000005,2.7,7.1000000000000005,0,115,172,154
402,7,2019-02-07,7.800000000000001,6.0,9.9,50,567,66,57
403,8,2019-02-08,8.0,5.5,9.9,0,151,60,34
404,9,2019-02-09,8.700000000000001,7.1000000000000005,10.3,47,493,0,-1
405,10,2019-02-10,6.4,3.7,9.600000000000001,2,115,158,305
406,11,2019-02-11,5.1000000000000005,1.1,9.0,65,597,9,15
407,12,2019-02-12,5.300000000000001,-0.8,9.4,56,677,0,0
408,13,2019-02-13,5.800000000000001,1.6,8.700000000000001,24,315,0,0
409,14,2019-02-14,4.5,0.30000000000000004,12.100000000000001,87,867,0,0
410,15,2019-02-15,6.2,0.7000000000000001,14.3,87,953,0,0
411,16,2019-02-16,5.800000000000001,0.2,13.3,88,879,0,0
412,17,2019-02-17,6.7,-0.4,15.100000000000001,86,876,0,0
413,18,2019-02-18,7.2,0.9,14.600000000000001,89,877,4,1
414,19,2019-02-19,7.300000000000001,5.300000000000001,10.5,49,634,0,-1
415,20,2019-02-20,7.800000000000001,4.9,11.8,61,822,0,0
416,21,2019-02-21,8.200000000000001,5.2,11.4,4,388,46,18
417,22,2019-02-22,9.1,5.6000000000000005,11.5,0,333,0,0
418,23,2019-02-23,6.9,2.2,12.4,92,1084,0,0
419,24,2019-02-24,6.1000000000000005,-1.7000000000000002,14.700000000000001,93,1111,0,0
420,25,2019-02-25,7.300000000000001,-0.6000000000000001,18.3,93,1133,0,0
421,26,2019-02-26,7.800000000000001,-0.8,18.900000000000002,95,1119,0,0
422,27,2019-02-27,9.5,0.9,18.3,97,1170,0,0
423,28,2019-02-28,7.7,1.1,12.200000000000001,34,614,30,22
424,1,2019-03-01,6.300000000000001,3.6,9.0,0,225,5,2
425,2,2019-03-02,8.200000000000001,3.2,12.3,24,619,2,1
426,3,2019-03-03,11.200000000000001,9.600000000000001,12.9,0,137,82,39
427,4,2019-03-04,8.8,5.6000000000000005,12.9,50,838,19,32
428,5,2019-03-05,7.5,4.9,10.9,84,1085,8,11
429,6,2019-03-06,10.0,7.1000000000000005,12.3,0,296,34,13
430,7,2019-03-07,9.200000000000001,7.0,11.8,57,842,82,226
431,8,2019-03-08,7.800000000000001,6.0,10.3,57,877,31,21
432,9,2019-03-09,8.8,6.300000000000001,11.100000000000001,25,520,41,44
433,10,2019-03-10,5.800000000000001,2.8000000000000003,10.4,2,217,128,208
434,11,2019-03-11,5.4,2.7,8.1,42,755,14,17
435,12,2019-03-12,6.800000000000001,3.6,9.600000000000001,1,395,44,36
436,13,2019-03-13,7.300000000000001,5.300000000000001,9.600000000000001,18,361,40,68
437,14,2019-03-14,8.200000000000001,6.300000000000001,11.200000000000001,6,330,73,117
438,15,2019-03-15,9.5,6.4,13.100000000000001,1,361,55,60
439,16,2019-03-16,10.0,6.800000000000001,11.5,1,325,74,72
440,17,2019-03-17,7.1000000000000005,4.7,11.0,79,1108,50,42
441,18,2019-03-18,5.1000000000000005,-1.3,9.5,69,1056,11,26
442,19,2019-03-19,4.7,-2.4000000000000004,12.100000000000001,61,1123,0,-1
443,20,2019-03-20,9.1,2.9000000000000004,11.9,0,488,0,-1
444,21,2019-03-21,8.1,3.5,12.0,2,745,0,0
445,22,2019-03-22,9.5,3.7,17.3,65,1278,0,0
446,23,2019-03-23,8.1,1.4000000000000001,11.4,25,601,0,0
447,24,2019-03-24,5.5,-1.3,11.0,88,1462,0,0
448,25,2019-03-25,7.7,5.300000000000001,9.700000000000001,38,889,10,8
449,26,2019-03-26,7.300000000000001,2.4000000000000004,10.200000000000001,18,732,0,0
450,27,2019-03-27,9.3,5.9,13.100000000000001,47,1053,0,0
451,28,2019-03-28,8.5,2.9000000000000004,11.200000000000001,2,473,0,-1
452,29,2019-03-29,9.0,0.30000000000000004,17.1,110,1783,0,0
453,30,2019-03-30,11.200000000000001,3.9000000000000004,18.3,85,1543,0,0
454,31,2019-03-31,8.200000000000001,3.3000000000000003,12.5,78,1529,0,0
455,1,2019-04-01,7.1000000000000005,0.5,14.5,120,1973,0,0
456,2,2019-04-02,9.3,2.4000000000000004,15.5,40,949,32,117
457,3,2019-04-03,6.1000000000000005,2.1,9.5,37,965,18,43
458,4,2019-04-04,5.6000000000000005,0.9,10.3,25,970,0,0
459,5,2019-04-05,7.800000000000001,0.0,12.8,95,1761,0,0
460,6,2019-04-06,10.600000000000001,7.5,15.100000000000001,35,993,0,-1
461,7,2019-04-07,15.100000000000001,8.4,20.900000000000002,89,1660,0,-1
462,8,2019-04-08,14.3,7.5,21.5,95,1733,0,0
463,9,2019-04-09,9.600000000000001,5.0,14.9,119,2019,0,0
464,10,2019-04-10,6.0,2.0,10.9,125,2241,0,0
465,11,2019-04-11,6.1000000000000005,0.2,10.8,109,2003,0,0
466,12,2019-04-12,5.300000000000001,1.3,9.4,69,1342,0,0
467,13,2019-04-13,2.9000000000000004,-1.1,7.6000000000000005,102,1871,0,-1
468,14,2019-04-14,5.5,-0.30000000000000004,11.0,92,1892,0,0
469,15,2019-04-15,10.600000000000001,4.2,16.7,113,1987,0,0
470,16,2019-04-16,12.5,6.2,18.2,117,2039,0,0
471,17,2019-04-17,12.700000000000001,6.7,15.9,32,964,0,0
472,18,2019-04-18,16.3,10.5,21.6,107,2141,0,0
473,19,2019-04-19,17.400000000000002,10.9,23.900000000000002,130,2262,0,0
474,20,2019-04-20,17.400000000000002,8.8,24.400000000000002,132,2297,0,0
475,21,2019-04-21,15.100000000000001,5.6000000000000005,24.1,132,2297,0,0
476,22,2019-04-22,17.0,5.1000000000000005,24.8,128,2290,0,0
477,23,2019-04-23,15.700000000000001,9.5,20.700000000000003,102,1872,0,0
478,24,2019-04-24,16.7,10.200000000000001,24.900000000000002,79,1845,35,92
479,25,2019-04-25,12.200000000000001,8.4,17.5,32,1151,19,21
480,26,2019-04-26,12.700000000000001,8.8,17.400000000000002,60,1746,0,0
481,27,2019-04-27,9.8,6.7,13.600000000000001,16,938,48,89
482,28,2019-04-28,9.200000000000001,5.0,13.9,18,1113,5,1
483,29,2019-04-29,10.4,2.0,16.0,120,2322,0,0
484,30,2019-04-30,10.600000000000001,6.1000000000000005,12.4,0,482,0,0
485,1,2019-05-01,9.1,3.9000000000000004,13.9,62,1854,0,0
486,2,2019-05-02,9.3,2.6,14.200000000000001,53,1116,29,51
487,3,2019-05-03,8.0,4.800000000000001,11.100000000000001,35,1310,48,24
488,4,2019-05-04,6.5,2.7,10.200000000000001,102,2009,7,9
489,5,2019-05-05,6.7,2.9000000000000004,11.700000000000001,49,1547,8,6
490,6,2019-05-06,6.6000000000000005,1.1,11.4,16,1091,1,1
491,7,2019-05-07,8.1,1.9000000000000001,12.700000000000001,27,1194,3,2
492,8,2019-05-08,10.200000000000001,7.5,14.0,32,916,11,24
493,9,2019-05-09,12.4,6.800000000000001,17.7,110,2280,17,32
494,10,2019-05-10,10.5,6.7,14.100000000000001,35,1336,8,16
495,11,2019-05-11,9.600000000000001,5.0,14.4,122,2536,0,0
496,12,2019-05-12,9.5,3.2,14.600000000000001,126,2450,0,0
497,13,2019-05-13,9.4,0.4,15.200000000000001,134,2816,0,0
498,14,2019-05-14,10.8,2.6,16.5,129,2717,0,0
499,15,2019-05-15,12.100000000000001,4.2,17.5,140,2796,0,0
500,16,2019-05-16,11.8,4.2,17.7,75,2070,0,-1
501,17,2019-05-17,12.0,8.9,15.4,9,1028,0,0
502,18,2019-05-18,15.5,9.0,21.1,101,2373,0,0
503,19,2019-05-19,15.100000000000001,11.8,21.0,60,2015,0,0
504,20,2019-05-20,13.3,11.5,16.0,0,719,0,0
505,21,2019-05-21,11.8,10.9,13.200000000000001,0,378,0,0
506,22,2019-05-22,13.3,6.1000000000000005,19.1,103,2327,0,0
507,23,2019-05-23,15.0,5.7,21.6,145,2749,0,0
508,24,2019-05-24,15.0,8.5,21.900000000000002,130,2726,0,0
509,25,2019-05-25,13.4,6.5,18.900000000000002,67,2072,0,0
510,26,2019-05-26,15.9,7.6000000000000005,20.6,28,1590,35,88
511,27,2019-05-27,14.3,10.5,18.0,96,1951,0,-1
512,28,2019-05-28,11.100000000000001,4.7,15.5,60,1429,57,150
513,29,2019-05-29,13.0,2.5,18.900000000000002,133,2807,0,-1
514,30,2019-05-30,16.8,12.8,21.900000000000002,24,1079,7,2
515,31,2019-05-31,17.2,11.5,20.400000000000002,52,1805,0,-1
516,1,2019-06-01,18.900000000000002,9.700000000000001,25.700000000000003,138,2784,0,0
517,2,2019-06-02,22.6,12.8,30.400000000000002,118,2619,0,0
518,3,2019-06-03,17.6,13.600000000000001,19.400000000000002,16,1282,0,0
519,4,2019-06-04,18.5,9.0,24.400000000000002,55,1870,10,132
520,5,2019-06-05,16.2,11.600000000000001,19.5,15,887,24,155
521,6,2019-06-06,14.700000000000001,10.5,19.0,96,2280,27,86
522,7,2019-06-07,15.5,8.6,22.3,63,1841,8,10
523,8,2019-06-08,14.4,11.5,18.3,65,1336,16,71
524,9,2019-06-09,15.3,10.0,19.8,65,2173,0,-1
525,10,2019-06-10,17.8,13.700000000000001,22.400000000000002,59,1949,8,6
526,11,2019-06-11,15.600000000000001,12.100000000000001,19.900000000000002,79,2152,6,1
527,12,2019-06-12,14.0,9.600000000000001,17.7,32,792,44,214
528,13,2019-06-13,14.200000000000001,10.600000000000001,18.400000000000002,49,1652,13,27
529,14,2019-06-14,17.0,9.8,23.900000000000002,95,2309,7,7
530,15,2019-06-15,15.8,11.600000000000001,19.700000000000003,27,1203,47,95
531,16,2019-06-16,17.0,11.200000000000001,21.6,99,2243,1,1
532,17,2019-06-17,19.200000000000003,10.700000000000001,25.5,138,2676,0,0
533,18,2019-06-18,20.700000000000003,13.0,27.200000000000003,93,2304,0,-1
534,19,2019-06-19,18.7,14.5,26.0,56,1516,28,408
535,20,2019-06-20,16.8,11.8,20.3,66,1767,1,1
536,21,2019-06-21,15.4,8.9,20.3,101,2103,0,-1
537,22,2019-06-22,16.900000000000002,7.6000000000000005,22.8,122,2477,0,0
538,23,2019-06-23,22.6,12.600000000000001,28.5,125,2760,0,0
539,24,2019-06-24,25.200000000000003,19.200000000000003,31.0,124,2802,0,0
540,25,2019-06-25,26.3,19.5,33.2,85,2377,0,0
541,26,2019-06-26,19.1,15.9,22.900000000000002,67,1774,0,0
542,27,2019-06-27,16.400000000000002,12.8,20.400000000000002,143,3036,0,0
543,28,2019-06-28,18.2,12.8,24.3,114,2843,0,0
544,29,2019-06-29,22.6,12.700000000000001,31.1,153,3023,0,0
545,30,2019-06-30,20.700000000000003,14.100000000000001,24.0,124,2639,0,0
546,1,2019-07-01,18.0,14.3,20.900000000000002,105,2210,0,0
547,2,2019-07-02,17.3,11.700000000000001,21.700000000000003,120,2707,0,0
548,3,2019-07-03,15.0,8.8,20.200000000000003,87,2009,0,0
549,4,2019-07-04,16.400000000000002,6.6000000000000005,22.8,140,2814,0,0
550,5,2019-07-05,18.8,12.4,23.200000000000003,114,2708,0,0
551,6,2019-07-06,16.400000000000002,11.3,22.900000000000002,54,1669,25,22
552,7,2019-07-07,14.0,7.800000000000001,18.1,54,1668,0,0
553,8,2019-07-08,13.8,7.9,16.7,35,1318,3,3
554,9,2019-07-09,14.700000000000001,6.9,20.400000000000002,139,2731,0,0
555,10,2019-07-10,14.700000000000001,8.8,18.7,2,950,50,39
556,11,2019-07-11,18.8,13.700000000000001,23.8,58,1930,0,-1
557,12,2019-07-12,16.8,13.100000000000001,20.5,27,1102,33,286
558,13,2019-07-13,16.8,14.5,19.700000000000003,16,1119,13,23
559,14,2019-07-14,15.700000000000001,13.700000000000001,19.3,30,1392,2,1
560,15,2019-07-15,15.5,13.4,18.5,19,1278,0,-1
561,16,2019-07-16,15.700000000000001,10.8,19.1,21,1001,0,0
562,17,2019-07-17,17.5,8.700000000000001,24.8,113,2697,0,0
563,18,2019-07-18,19.0,15.200000000000001,22.700000000000003,36,1626,8,7
564,19,2019-07-19,19.400000000000002,14.100000000000001,24.3,59,2062,0,0
565,20,2019-07-20,19.400000000000002,16.3,23.6,47,1192,31,84
566,21,2019-07-21,18.5,13.5,22.6,80,2087,0,0
567,22,2019-07-22,20.6,13.9,26.400000000000002,119,2563,0,0
568,23,2019-07-23,24.1,13.100000000000001,31.900000000000002,149,2724,0,0
569,24,2019-07-24,26.400000000000002,16.6,36.4,133,2558,0,0
570,25,2019-07-25,28.8,16.6,37.5,129,2492,0,0
571,26,2019-07-26,28.8,22.3,37.2,111,2456,0,0
572,27,2019-07-27,22.8,18.5,28.8,84,2133,5,22
573,28,2019-07-28,19.5,16.3,24.200000000000003,23,1153,0,-1
574,29,2019-07-29,19.400000000000002,13.9,25.1,113,2292,0,0
575,30,2019-07-30,21.8,12.3,27.8,127,2401,0,0
576,31,2019-07-31,18.1,15.8,21.1,59,1393,4,42
577,1,2019-08-01,18.3,15.3,22.6,54,1392,9,32
578,2,2019-08-02,18.3,14.4,21.400000000000002,39,1145,20,83
579,3,2019-08-03,17.6,12.4,21.400000000000002,19,1227,0,0
580,4,2019-08-04,19.1,10.9,25.0,81,2197,0,0
581,5,2019-08-05,20.700000000000003,17.2,24.400000000000002,63,1882,0,-1
582,6,2019-08-06,19.1,15.600000000000001,23.6,65,1691,0,0
583,7,2019-08-07,19.1,16.2,23.0,101,1995,9,35
584,8,2019-08-08,18.5,13.100000000000001,23.6,89,1892,2,3
585,9,2019-08-09,19.900000000000002,13.3,24.200000000000003,17,635,33,72
586,10,2019-08-10,20.200000000000003,17.0,23.700000000000003,95,1712,1,2
587,11,2019-08-11,18.2,15.100000000000001,21.6,63,1600,0,0
588,12,2019-08-12,16.0,13.0,21.700000000000003,69,1489,47,143
589,13,2019-08-13,14.600000000000001,10.3,18.400000000000002,78,1597,47,93
590,14,2019-08-14,16.400000000000002,10.9,21.1,61,1741,50,59
591,15,2019-08-15,17.2,12.200000000000001,20.8,37,1254,24,37
592,16,2019-08-16,17.400000000000002,10.100000000000001,21.5,51,1561,17,6
593,17,2019-08-17,17.400000000000002,15.600000000000001,19.200000000000003,8,485,43,130
594,18,2019-08-18,16.8,14.700000000000001,19.900000000000002,31,870,4,2
595,19,2019-08-19,16.400000000000002,13.5,21.0,79,1682,1,2
596,20,2019-08-20,15.5,9.3,20.5,91,1677,0,-1
597,21,2019-08-21,15.3,8.1,22.5,130,2188,0,0
598,22,2019-08-22,16.2,8.0,23.900000000000002,126,2205,0,0
599,23,2019-08-23,17.6,8.8,25.900000000000002,121,2171,0,0
600,24,2019-08-24,20.0,10.4,29.700000000000003,130,2185,0,0
601,25,2019-08-25,21.200000000000003,11.3,31.3,123,2118,0,0
602,26,2019-08-26,23.400000000000002,13.5,31.0,114,1951,0,0
603,27,2019-08-27,24.0,15.8,32.800000000000004,106,1937,0,0
604,28,2019-08-28,22.3,16.6,27.6,41,1415,0,-1
605,29,2019-08-29,18.5,10.700000000000001,22.6,58,1433,0,-1
606,30,2019-08-30,16.5,9.600000000000001,23.400000000000002,110,1894,0,0
607,31,2019-08-31,19.6,9.3,28.1,100,1853,0,-1
608,1,2019-09-01,16.400000000000002,12.0,20.6,60,1400,0,-1
609,2,2019-09-02,15.9,10.3,20.8,88,1602,0,0
610,3,2019-09-03,16.2,11.100000000000001,20.200000000000003,13,574,0,-1
611,4,2019-09-04,15.0,11.100000000000001,17.8,26,565,23,86
612,5,2019-09-05,13.4,6.5,17.400000000000002,79,1391,8,9
613,6,2019-09-06,14.0,6.6000000000000005,18.5,29,1081,24,101
614,7,2019-09-07,13.8,10.100000000000001,17.900000000000002,52,1123,25,27
615,8,2019-09-08,12.9,6.9,18.2,102,1770,0,0
616,9,2019-09-09,11.4,5.2,18.0,90,1474,0,0
617,10,2019-09-10,12.4,5.2,19.3,42,1247,0,0
618,11,2019-09-11,14.9,9.200000000000001,17.5,3,363,63,54
619,12,2019-09-12,18.400000000000002,14.200000000000001,21.900000000000002,55,1146,0,0
620,13,2019-09-13,16.5,9.3,21.0,79,1504,13,11
621,14,2019-09-14,13.200000000000001,6.9,21.0,115,1727,0,0
622,15,2019-09-15,15.200000000000001,6.800000000000001,22.6,79,1476,0,0
623,16,2019-09-16,13.4,8.3,16.2,8,490,55,43
624,17,2019-09-17,11.600000000000001,6.300000000000001,17.900000000000002,49,1105,0,0
625,18,2019-09-18,10.9,5.0,17.6,51,1141,0,0
626,19,2019-09-19,11.600000000000001,5.9,17.6,61,1194,0,0
627,20,2019-09-20,11.9,4.0,18.8,102,1567,0,0
628,21,2019-09-21,15.8,7.5,23.700000000000003,114,1669,0,0
629,22,2019-09-22,18.6,11.700000000000001,26.5,86,1385,27,46
630,23,2019-09-23,16.0,11.100000000000001,19.5,42,879,14,10
631,24,2019-09-24,15.0,13.8,17.400000000000002,0,397,53,56
632,25,2019-09-25,15.3,12.9,17.1,2,464,8,11
633,26,2019-09-26,15.9,13.5,18.3,0,218,73,156
634,27,2019-09-27,15.5,13.200000000000001,18.400000000000002,63,933,12,10
635,28,2019-09-28,15.5,13.8,17.5,33,690,20,60
636,29,2019-09-29,15.0,13.100000000000001,16.900000000000002,1,274,121,221
637,30,2019-09-30,14.3,13.0,17.5,50,897,59,87
638,1,2019-10-01,15.100000000000001,10.4,18.3,14,565,74,171
639,2,2019-10-02,10.5,8.1,14.100000000000001,73,1079,7,10
640,3,2019-10-03,11.4,9.0,14.700000000000001,44,801,9,7
641,4,2019-10-04,10.600000000000001,8.6,14.5,5,307,73,119
642,5,2019-10-05,9.9,6.7,14.0,74,983,0,0
643,6,2019-10-06,9.0,8.4,9.600000000000001,0,205,74,101
644,7,2019-10-07,9.9,7.1000000000000005,12.200000000000001,5,443,12,12
645,8,2019-10-08,13.200000000000001,11.100000000000001,15.200000000000001,5,364,51,56
646,9,2019-10-09,11.700000000000001,10.100000000000001,13.600000000000001,2,505,39,185
647,10,2019-10-10,12.5,9.8,15.600000000000001,64,856,9,7
648,11,2019-10-11,14.700000000000001,12.4,16.900000000000002,0,210,44,19
649,12,2019-10-12,12.4,11.100000000000001,16.8,0,158,136,67
650,13,2019-10-13,16.3,11.100000000000001,22.0,12,516,11,62
651,14,2019-10-14,15.0,11.8,18.2,21,435,7,15
652,15,2019-10-15,15.0,12.4,17.0,10,401,19,4
653,16,2019-10-16,13.100000000000001,10.3,14.4,29,404,77,87
654,17,2019-10-17,13.100000000000001,9.8,16.2,31,689,36,10
655,18,2019-10-18,12.5,10.600000000000001,14.5,28,483,5,3
656,19,2019-10-19,12.0,10.3,14.5,38,623,23,13
657,20,2019-10-20,10.9,6.0,13.8,19,377,0,-1
658,21,2019-10-21,12.100000000000001,10.600000000000001,14.8,2,232,35,72
659,22,2019-10-22,11.4,5.800000000000001,15.8,14,362,0,-1
660,23,2019-10-23,11.5,5.2,15.8,34,603,5,1
661,24,2019-10-24,14.600000000000001,11.600000000000001,19.6,38,539,3,8
662,25,2019-10-25,13.8,11.5,15.4,34,589,0,-1
663,26,2019-10-26,16.400000000000002,11.600000000000001,19.900000000000002,59,739,22,22
664,27,2019-10-27,9.5,4.1000000000000005,13.3,45,660,4,3
665,28,2019-10-28,6.300000000000001,1.7000000000000002,13.0,55,642,0,-1
666,29,2019-10-29,6.0,0.8,12.100000000000001,81,788,0,0
667,30,2019-10-30,4.5,0.5,10.4,79,809,0,0
668,31,2019-10-31,3.4000000000000004,-0.6000000000000001,10.100000000000001,83,808,0,0
669,1,2019-11-01,7.6000000000000005,-0.7000000000000001,13.4,0,157,88,35
670,2,2019-11-02,13.200000000000001,10.700000000000001,14.700000000000001,38,501,35,116
671,3,2019-11-03,10.5,8.5,12.5,21,383,75,135
672,4,2019-11-04,10.3,8.9,12.5,17,295,28,32
673,5,2019-11-05,9.200000000000001,7.7,10.9,1,200,34,43
674,6,2019-11-06,8.4,6.7,11.4,34,492,4,3
675,7,2019-11-07,7.800000000000001,5.4,9.600000000000001,6,185,39,56
676,8,2019-11-08,4.9,1.8,9.700000000000001,80,669,0,0
677,9,2019-11-09,6.800000000000001,1.9000000000000001,10.700000000000001,27,438,4,2
678,10,2019-11-10,2.4000000000000004,-1.3,9.4,78,646,0,0
679,11,2019-11-11,5.2,-0.1,7.9,2,153,52,83
680,12,2019-11-12,5.2,4.1000000000000005,7.300000000000001,27,265,34,52
681,13,2019-11-13,6.0,4.1000000000000005,8.0,17,197,48,87
682,14,2019-11-14,5.7,3.5,7.800000000000001,5,263,0,0
683,15,2019-11-15,4.3,2.2,5.6000000000000005,4,143,0,0
684,16,2019-11-16,3.9000000000000004,0.6000000000000001,6.2,2,288,0,0
685,17,2019-11-17,4.7,0.7000000000000001,8.1,46,435,10,12
686,18,2019-11-18,6.6000000000000005,4.3,8.3,0,162,62,54
687,19,2019-11-19,4.6000000000000005,-1.1,7.7,23,327,28,20
688,20,2019-11-20,1.5,-2.5,6.6000000000000005,63,445,0,0
689,21,2019-11-21,3.0,1.0,5.5,32,364,0,0
690,22,2019-11-22,6.7,3.2,10.700000000000001,50,448,5,3
691,23,2019-11-23,6.0,4.0,8.200000000000001,6,213,0,0
692,24,2019-11-24,4.800000000000001,0.7000000000000001,9.9,49,371,0,0
693,25,2019-11-25,7.2,5.6000000000000005,10.600000000000001,37,343,0,0
694,26,2019-11-26,9.600000000000001,7.1000000000000005,11.5,0,107,29,19
695,27,2019-11-27,10.4,9.600000000000001,11.9,6,159,66,116
696,28,2019-11-28,9.3,7.1000000000000005,10.700000000000001,0,97,116,142
697,29,2019-11-29,4.3,-1.1,8.8,33,296,1,1
698,30,2019-11-30,0.9,-2.8000000000000003,9.200000000000001,62,403,0,-1
699,1,2019-12-01,0.2,-3.1,4.0,49,369,0,0
700,2,2019-12-02,4.5,-2.8000000000000003,9.5,24,286,15,29
701,3,2019-12-03,4.9,0.6000000000000001,8.200000000000001,69,374,0,0
702,4,2019-12-04,1.3,-2.5,6.9,66,407,0,0
703,5,2019-12-05,1.6,-2.1,4.3,0,148,6,1
704,6,2019-12-06,6.6000000000000005,4.1000000000000005,9.700000000000001,0,31,144,155
705,7,2019-12-07,9.4,8.5,10.100000000000001,0,121,3,2
706,8,2019-12-08,9.3,6.800000000000001,10.9,20,150,39,47
707,9,2019-12-09,6.5,4.0,8.5,15,182,40,52
708,10,2019-12-10,5.300000000000001,1.9000000000000001,7.6000000000000005,58,347,0,-1
709,11,2019-12-11,6.4,4.800000000000001,7.800000000000001,3,145,43,41
710,12,2019-12-12,4.5,3.0,5.800000000000001,62,353,20,19
711,13,2019-12-13,4.800000000000001,3.2,7.1000000000000005,0,89,82,55
712,14,2019-12-14,6.0,4.800000000000001,8.1,15,194,50,57
713,15,2019-12-15,7.2,4.800000000000001,8.8,30,235,16,18
714,16,2019-12-16,7.0,4.1000000000000005,8.6,0,79,38,8
715,17,2019-12-17,9.9,4.5,14.700000000000001,13,154,15,9
716,18,2019-12-18,6.800000000000001,5.5,8.700000000000001,39,269,0,0
717,19,2019-12-19,10.600000000000001,6.4,13.5,59,300,11,11
718,20,2019-12-20,10.3,7.7,12.5,4,81,20,10
719,21,2019-12-21,7.2,5.2,8.5,2,125,6,2
720,22,2019-12-22,7.800000000000001,6.4,9.1,0,66,119,78
721,23,2019-12-23,7.9,6.5,9.200000000000001,13,165,5,3
722,24,2019-12-24,8.3,5.800000000000001,10.4,0,77,69,90
723,25,2019-12-25,7.800000000000001,6.5,9.4,28,234,12,18
724,26,2019-12-26,5.800000000000001,4.800000000000001,6.9,0,100,12,4
725,27,2019-12-27,3.3000000000000003,-1.5,6.300000000000001,63,370,20,14
726,28,2019-12-28,-0.1,-3.4000000000000004,3.0,47,280,0,0
727,29,2019-12-29,1.2000000000000002,-1.5,3.4000000000000004,12,217,0,0
728,30,2019-12-30,4.6000000000000005,1.7000000000000002,7.9,61,388,0,0
729,31,2019-12-31,4.2,0.6000000000000001,8.8,58,362,0,0
730,1,2020-01-01,0.8,-0.2,1.8,0,81,0,0
731,2,2020-01-02,3.9000000000000004,1.3,7.4,0,68,0,0
732,3,2020-01-03,7.6000000000000005,4.3,9.9,0,59,58,45
733,4,2020-01-04,6.7,4.0,8.1,0,94,23,11
734,5,2020-01-05,6.9,5.9,7.6000000000000005,0,86,1,1
735,6,2020-01-06,6.0,3.5,7.0,35,295,5,3
736,7,2020-01-07,6.6000000000000005,4.3,8.3,3,136,0,-1
737,8,2020-01-08,10.4,8.200000000000001,11.700000000000001,0,78,60,35
738,9,2020-01-09,11.5,9.0,13.0,0,61,92,60
739,10,2020-01-10,6.800000000000001,2.8000000000000003,9.9,13,188,10,6
740,11,2020-01-11,6.0,1.8,7.4,18,262,0,0
741,12,2020-01-12,7.5,5.5,10.100000000000001,0,64,31,18
742,13,2020-01-13,7.800000000000001,5.7,10.700000000000001,33,302,0,-1
743,14,2020-01-14,10.600000000000001,9.0,12.9,0,92,102,100
744,15,2020-01-15,9.4,6.2,12.100000000000001,0,81,49,35
745,16,2020-01-16,7.2,3.2,10.200000000000001,71,461,0,0
746,17,2020-01-17,8.3,5.4,10.200000000000001,8,98,6,7
747,18,2020-01-18,4.5,2.6,7.7,40,317,13,23
748,19,2020-01-19,3.5,-1.1,8.200000000000001,51,406,0,-1
749,20,2020-01-20,2.9000000000000004,-2.1,7.0,3,198,0,0
750,21,2020-01-21,0.7000000000000001,-1.4000000000000001,2.1,0,166,0,0
751,22,2020-01-22,4.4,1.6,6.2,0,111,30,4
752,23,2020-01-23,3.7,-1.7000000000000002,6.800000000000001,16,252,18,4
753,24,2020-01-24,2.3000000000000003,-0.6000000000000001,3.5,2,197,0,0
754,25,2020-01-25,2.0,0.9,2.6,0,127,0,0
755,26,2020-01-26,5.5,0.5,9.3,45,462,13,8
756,27,2020-01-27,8.200000000000001,7.0,9.4,7,212,52,84
757,28,2020-01-28,5.4,3.8000000000000003,7.2,28,303,44,52
758,29,2020-01-29,6.0,4.4,7.300000000000001,21,272,10,7
759,30,2020-01-30,8.5,6.4,11.4,7,294,43,9
760,31,2020-01-31,10.9,8.9,12.5,0,146,5,1
761,1,2020-02-01,10.600000000000001,8.6,12.0,19,285,5,2
762,2,2020-02-02,8.9,6.5,11.5,0,115,62,70
763,3,2020-02-03,9.200000000000001,6.4,11.0,12,322,17,23
764,4,2020-02-04,5.1000000000000005,1.2000000000000002,7.300000000000001,21,290,35,64
765,5,2020-02-05,4.800000000000001,-0.2,8.4,56,607,0,0
766,6,2020-02-06,5.0,2.0,9.600000000000001,54,540,0,0
767,7,2020-02-07,3.9000000000000004,-0.9,7.800000000000001,83,764,0,0
768,8,2020-02-08,7.0,3.0,9.9,3,163,28,9
769,9,2020-02-09,10.0,7.7,12.5,0,140,47,186
770,10,2020-02-10,8.0,4.800000000000001,10.600000000000001,20,359,21,28
771,11,2020-02-11,6.300000000000001,4.9,7.300000000000001,23,392,1,3
772,12,2020-02-12,5.5,3.3000000000000003,7.7,36,482,1,1
773,13,2020-02-13,5.7,3.1,8.700000000000001,6,179,87,143
774,14,2020-02-14,7.300000000000001,5.6000000000000005,8.700000000000001,15,369,8,3
775,15,2020-02-15,10.600000000000001,7.5,13.5,7,371,4,1
776,16,2020-02-16,12.100000000000001,8.1,16.7,0,180,64,126
777,17,2020-02-17,8.1,6.6000000000000005,10.100000000000001,55,631,9,42
778,18,2020-02-18,7.6000000000000005,3.7,9.600000000000001,60,666,20,53
779,19,2020-02-19,6.2,4.5,8.200000000000001,43,608,41,44
780,20,2020-02-20,8.200000000000001,4.7,10.4,15,430,52,57
781,21,2020-02-21,7.300000000000001,4.0,8.9,15,466,0,0
782,22,2020-02-22,9.200000000000001,6.9,11.700000000000001,1,186,18,9
783,23,2020-02-23,8.700000000000001,5.4,12.9,7,152,93,317
784,24,2020-02-24,7.6000000000000005,3.6,10.8,0,145,76,101
785,25,2020-02-25,6.6000000000000005,1.9000000000000001,10.3,60,843,24,35
786,26,2020-02-26,3.4000000000000004,0.4,6.6000000000000005,24,533,74,104
787,27,2020-02-27,2.7,0.1,3.9000000000000004,0,196,74,50
788,28,2020-02-28,4.6000000000000005,1.9000000000000001,8.4,14,508,66,81
789,29,2020-02-29,8.700000000000001,5.2,12.600000000000001,29,512,16,17
790,1,2020-03-01,6.6000000000000005,4.6000000000000005,9.200000000000001,44,785,0,-1
791,2,2020-03-02,5.5,3.5,7.800000000000001,0,244,95,87
792,3,2020-03-03,4.4,0.9,8.8,70,915,15,27
793,4,2020-03-04,6.5,3.5,10.5,61,907,6,9
794,5,2020-03-05,5.5,4.4,6.800000000000001,0,280,100,118
795,6,2020-03-06,6.2,3.8000000000000003,8.5,11,674,49,19
796,7,2020-03-07,6.6000000000000005,-0.8,10.600000000000001,64,959,0,0
797,8,2020-03-08,8.700000000000001,7.1000000000000005,10.200000000000001,8,314,14,6
798,9,2020-03-09,7.800000000000001,6.300000000000001,10.600000000000001,47,936,26,37
799,10,2020-03-10,10.100000000000001,6.300000000000001,11.9,0,179,147,164
800,11,2020-03-11,11.0,9.200000000000001,13.5,40,891,69,80
801,12,2020-03-12,8.4,5.800000000000001,11.0,73,1164,27,47
802,13,2020-03-13,6.6000000000000005,1.7000000000000002,9.0,22,565,29,54
803,14,2020-03-14,6.7,0.4,11.8,56,1088,5,5
804,15,2020-03-15,9.600000000000001,7.7,11.200000000000001,7,404,0,0
805,16,2020-03-16,7.5,2.2,13.0,67,1203,0,0
806,17,2020-03-17,8.6,1.2000000000000002,13.3,81,1366,0,0
807,18,2020-03-18,10.5,6.7,13.700000000000001,27,902,0,0
808,19,2020-03-19,8.5,6.9,9.9,0,391,0,0
809,20,2020-03-20,6.7,3.4000000000000004,9.1,3,512,0,-1
810,21,2020-03-21,4.6000000000000005,0.2,9.200000000000001,111,1737,0,0
811,22,2020-03-22,4.6000000000000005,-0.2,9.700000000000001,113,1844,0,0
812,23,2020-03-23,4.7,0.0,10.100000000000001,113,1851,0,0
813,24,2020-03-24,4.9,-0.1,10.5,113,1848,0,0
814,25,2020-03-25,5.5,-4.3,12.700000000000001,115,1897,0,0
815,26,2020-03-26,6.6000000000000005,1.2000000000000002,11.8,115,1826,0,0
816,27,2020-03-27,8.5,2.2,15.3,115,1720,0,0
817,28,2020-03-28,7.4,4.1000000000000005,11.9,109,1741,0,-1
818,29,2020-03-29,4.7,0.9,7.4,107,1693,0,-1
819,30,2020-03-30,3.8000000000000003,-3.1,9.700000000000001,43,950,5,20
820,31,2020-03-31,4.1000000000000005,-1.2000000000000002,9.200000000000001,120,2028,0,0
821,1,2020-04-01,3.9000000000000004,-3.8000000000000003,10.0,66,1488,0,0
822,2,2020-04-02,7.0,0.0,11.3,28,1002,0,-1
823,3,2020-04-03,6.6000000000000005,-0.2,10.3,34,974,0,-1
824,4,2020-04-04,7.300000000000001,-0.8,14.600000000000001,120,2083,0,0
825,5,2020-04-05,12.600000000000001,1.9000000000000001,19.6,123,2089,0,0
826,6,2020-04-06,14.3,8.4,23.0,91,1800,6,1
827,7,2020-04-07,12.200000000000001,2.6,19.3,122,2066,0,0
828,8,2020-04-08,15.0,5.4,24.5,110,1966,0,0
829,9,2020-04-09,13.3,5.6000000000000005,20.5,100,1981,0,0
830,10,2020-04-10,11.5,4.4,18.5,125,2081,0,0
831,11,2020-04-11,12.200000000000001,4.3,21.5,125,2189,0,0
832,12,2020-04-12,14.0,2.9000000000000004,23.0,91,1792,2,1
833,13,2020-04-13,7.800000000000001,5.800000000000001,11.100000000000001,68,1759,0,-1
834,14,2020-04-14,6.0,0.6000000000000001,10.200000000000001,27,1058,0,-1
835,15,2020-04-15,8.5,-1.0,17.0,125,2206,0,0
836,16,2020-04-16,13.0,3.9000000000000004,22.1,119,2131,0,0
837,17,2020-04-17,10.9,5.7,17.0,123,2220,0,0
838,18,2020-04-18,11.100000000000001,5.0,16.0,28,906,18,10
839,19,2020-04-19,12.5,7.300000000000001,17.900000000000002,130,2401,0,-1
840,20,2020-04-20,12.700000000000001,5.7,18.3,132,2442,0,0
841,21,2020-04-21,13.9,8.6,18.900000000000002,132,2444,0,0
842,22,2020-04-22,15.200000000000001,9.600000000000001,21.5,132,2463,0,0
843,23,2020-04-23,15.8,8.3,23.200000000000003,134,2416,0,0
844,24,2020-04-24,12.4,7.4,18.2,118,2354,0,0
845,25,2020-04-25,9.8,3.5,14.3,64,1721,0,0
846,26,2020-04-26,9.0,0.4,16.7,129,2460,0,0
847,27,2020-04-27,12.4,1.4000000000000001,20.700000000000003,115,2344,0,0
848,28,2020-04-28,9.4,7.7,11.3,9,542,49,17
849,29,2020-04-29,11.700000000000001,7.7,15.5,24,1000,64,25
850,30,2020-04-30,11.5,8.3,16.1,71,1607,21,73
851,1,2020-05-01,10.5,8.1,14.200000000000001,48,1240,18,29
852,2,2020-05-02,10.3,5.1000000000000005,13.9,63,1453,15,39
853,3,2020-05-03,11.0,4.3,16.900000000000002,28,1429,30,7
854,4,2020-05-04,10.8,5.5,15.200000000000001,112,2459,11,4
855,5,2020-05-05,9.200000000000001,1.6,14.8,140,2669,0,0
856,6,2020-05-06,10.600000000000001,3.4000000000000004,16.8,142,2682,0,0
857,7,2020-05-07,12.0,1.7000000000000002,20.700000000000003,140,2589,0,0
858,8,2020-05-08,14.5,4.5,22.900000000000002,108,2336,0,0
859,9,2020-05-09,17.1,6.0,24.700000000000003,139,2636,0,0
860,10,2020-05-10,12.9,7.7,22.5,44,1755,0,-1
861,11,2020-05-11,8.4,3.7,12.200000000000001,112,2215,5,6
862,12,2020-05-12,7.7,0.7000000000000001,12.8,80,2013,0,0
863,13,2020-05-13,7.2,0.2,12.0,72,1748,2,2
864,14,2020-05-14,7.1000000000000005,-1.0,12.8,103,2016,0,0
865,15,2020-05-15,8.5,-1.2000000000000002,15.100000000000001,100,2147,0,0
866,16,2020-05-16,9.8,2.3000000000000003,16.0,67,1828,0,0
867,17,2020-05-17,12.100000000000001,1.6,18.7,112,2210,0,0
868,18,2020-05-18,14.9,5.9,21.200000000000003,124,2687,0,0
869,19,2020-05-19,16.6,8.6,21.700000000000003,123,2623,0,0
870,20,2020-05-20,16.2,9.5,22.1,115,2327,0,0
871,21,2020-05-21,19.200000000000003,8.8,26.700000000000003,141,2740,0,0
872,22,2020-05-22,19.0,14.700000000000001,24.200000000000003,30,1314,8,2
873,23,2020-05-23,15.3,12.700000000000001,18.8,99,2397,0,0
874,24,2020-05-24,13.5,12.100000000000001,15.0,18,606,43,27
875,25,2020-05-25,15.5,8.200000000000001,20.8,126,2581,0,0
876,26,2020-05-26,16.3,6.4,23.700000000000003,132,2751,0,0
877,27,2020-05-27,15.8,10.4,20.5,131,2800,0,0
878,28,2020-05-28,14.100000000000001,6.800000000000001,19.700000000000003,148,2994,0,0
879,29,2020-05-29,15.3,6.4,22.5,152,3005,0,0
880,30,2020-05-30,17.8,9.5,23.700000000000003,144,2804,0,0
881,31,2020-05-31,17.2,11.100000000000001,22.200000000000003,152,2898,0,0
882,1,2020-06-01,18.8,12.0,25.400000000000002,122,2744,0,0
883,2,2020-06-02,20.1,11.100000000000001,27.5,127,2636,0,0
884,3,2020-06-03,17.5,13.0,22.8,104,2377,0,0
885,4,2020-06-04,12.8,8.3,17.0,9,933,33,30
886,5,2020-06-05,9.9,7.5,14.3,28,1053,50,161
887,6,2020-06-06,11.600000000000001,8.3,15.8,82,1997,26,44
888,7,2020-06-07,12.700000000000001,9.9,16.0,35,1286,14,32
889,8,2020-06-08,14.600000000000001,11.4,18.900000000000002,109,2487,3,8
890,9,2020-06-09,13.3,8.700000000000001,17.0,25,1454,0,0
891,10,2020-06-10,13.9,6.2,18.0,27,1464,6,4
892,11,2020-06-11,15.700000000000001,13.100000000000001,20.1,37,1189,27,28
893,12,2020-06-12,19.5,14.4,26.1,106,2456,24,67
894,13,2020-06-13,20.200000000000003,15.3,26.200000000000003,124,2772,24,42
895,14,2020-06-14,18.3,15.3,23.0,10,1187,5,2
896,15,2020-06-15,19.1,15.200000000000001,23.700000000000003,41,1793,0,0
897,16,2020-06-16,17.900000000000002,14.4,20.8,0,1014,41,12
898,17,2020-06-17,19.0,12.5,24.200000000000003,78,2292,26,64
899,18,2020-06-18,17.6,13.100000000000001,22.0,25,1570,48,100
900,19,2020-06-19,17.2,11.0,22.400000000000002,95,2263,0,0
901,20,2020-06-20,16.7,11.100000000000001,22.1,89,1807,0,-1
902,21,2020-06-21,18.6,10.600000000000001,24.5,89,2030,0,0
903,22,2020-06-22,17.8,11.0,22.400000000000002,135,2565,0,0
904,23,2020-06-23,19.700000000000003,9.4,26.700000000000003,153,2914,0,0
905,24,2020-06-24,23.3,14.700000000000001,29.400000000000002,148,2900,0,0
906,25,2020-06-25,24.0,17.0,29.400000000000002,151,2873,0,0
907,26,2020-06-26,24.200000000000003,19.0,30.1,128,2817,36,34
908,27,2020-06-27,20.6,17.5,24.8,58,1663,12,21
909,28,2020-06-28,17.900000000000002,15.200000000000001,21.400000000000002,94,2132,3,1
910,29,2020-06-29,16.0,13.3,19.0,44,1408,0,-1
911,30,2020-06-30,16.0,14.100000000000001,19.400000000000002,12,943,82,126
912,1,2020-07-01,17.900000000000002,15.8,21.1,58,1692,19,13
913,2,2020-07-02,17.1,14.8,21.200000000000003,57,1809,7,40
914,3,2020-07-03,17.7,14.100000000000001,21.6,74,2024,0,-1
915,4,2020-07-04,16.5,13.600000000000001,18.1,1,503,133,100
916,5,2020-07-05,17.900000000000002,15.3,21.3,40,1224,10,4
917,6,2020-07-06,14.9,10.100000000000001,18.3,69,1898,11,63
918,7,2020-07-07,14.600000000000001,8.0,19.200000000000003,48,1897,12,3
919,8,2020-07-08,14.600000000000001,12.9,16.900000000000002,0,557,83,50
920,9,2020-07-09,16.7,14.700000000000001,17.7,1,441,79,71
921,10,2020-07-10,14.600000000000001,8.200000000000001,18.5,55,1469,22,24
922,11,2020-07-11,14.100000000000001,6.6000000000000005,19.700000000000003,126,2193,0,-1
923,12,2020-07-12,14.9,6.7,20.900000000000002,107,2223,0,0
924,13,2020-07-13,17.2,7.6000000000000005,23.5,144,2871,0,0
925,14,2020-07-14,15.700000000000001,11.600000000000001,17.6,5,567,47,52
926,15,2020-07-15,15.9,8.5,20.6,73,1831,0,-1
927,16,2020-07-16,16.3,14.100000000000001,19.700000000000003,9,810,26,19
928,17,2020-07-17,18.3,13.9,22.700000000000003,28,1419,0,0
929,18,2020-07-18,19.400000000000002,12.100000000000001,25.8,93,2182,0,0
930,19,2020-07-19,17.900000000000002,12.3,24.400000000000002,53,1969,14,6
931,20,2020-07-20,16.1,10.4,20.200000000000003,133,2626,0,-1
932,21,2020-07-21,14.5,7.5,20.5,127,2289,0,0
933,22,2020-07-22,14.5,7.300000000000001,21.1,109,2406,0,0
934,23,2020-07-23,18.400000000000002,9.3,24.6,54,2024,0,0
935,24,2020-07-24,18.5,14.5,22.3,41,1504,3,6
936,25,2020-07-25,18.400000000000002,13.9,22.3,10,916,62,42
937,26,2020-07-26,18.7,13.9,22.400000000000002,115,2278,15,18
938,27,2020-07-27,18.400000000000002,13.4,23.900000000000002,16,1078,0,-1
939,28,2020-07-28,17.900000000000002,15.9,20.6,73,1867,2,1
940,29,2020-07-29,16.2,10.700000000000001,20.200000000000003,92,1811,0,0
941,30,2020-07-30,18.3,9.1,25.1,132,2584,0,0
942,31,2020-07-31,24.5,12.200000000000001,32.0,143,2676,0,0
943,1,2020-08-01,20.6,13.100000000000001,25.200000000000003,57,1479,5,4
944,2,2020-08-02,16.8,10.0,21.6,79,1902,0,0
945,3,2020-08-03,15.4,9.200000000000001,21.200000000000003,22,1211,10,3
946,4,2020-08-04,16.400000000000002,8.200000000000001,22.1,122,2306,0,0
947,5,2020-08-05,20.6,14.0,28.3,130,2551,0,0
948,6,2020-08-06,22.3,11.600000000000001,31.0,135,2466,0,0
949,7,2020-08-07,24.700000000000003,14.5,34.0,139,2501,0,0
950,8,2020-08-08,26.400000000000002,14.600000000000001,34.6,97,2172,0,0
951,9,2020-08-09,26.700000000000003,21.5,32.6,98,2148,0,-1
952,10,2020-08-10,26.1,18.8,32.7,90,1979,0,0
953,11,2020-08-11,27.0,21.3,34.5,118,2252,0,0
954,12,2020-08-12,26.3,20.400000000000002,32.300000000000004,79,1907,6,3
955,13,2020-08-13,25.1,19.1,31.700000000000003,58,1634,8,2
956,14,2020-08-14,23.3,18.400000000000002,28.6,81,1959,2,1
957,15,2020-08-15,22.5,18.6,28.5,72,1864,8,4
958,16,2020-08-16,22.5,16.5,30.400000000000002,57,1802,16,297
959,17,2020-08-17,18.900000000000002,15.4,25.400000000000002,36,1341,5,11
960,18,2020-08-18,18.3,13.200000000000001,24.0,105,1852,1,1
961,19,2020-08-19,21.3,13.0,27.200000000000003,89,1900,0,-1
962,20,2020-08-20,23.200000000000003,18.900000000000002,28.0,46,1202,14,35
963,21,2020-08-21,23.900000000000002,18.1,28.5,99,2011,0,-1
964,22,2020-08-22,19.200000000000003,16.7,22.400000000000002,73,1390,5,27
965,23,2020-08-23,17.6,15.0,21.3,70,1373,19,81
966,24,2020-08-24,16.5,11.4,20.700000000000003,59,1234,25,73
967,25,2020-08-25,17.0,12.4,21.200000000000003,12,655,22,21
968,26,2020-08-26,16.1,13.0,18.400000000000002,8,494,74,95
969,27,2020-08-27,16.0,11.600000000000001,19.8,13,958,14,14
970,28,2020-08-28,16.1,12.700000000000001,21.0,62,1236,25,145
971,29,2020-08-29,14.9,12.100000000000001,18.8,65,1290,6,14
972,30,2020-08-30,15.3,11.0,18.6,26,811,27,57
973,31,2020-08-31,14.5,9.200000000000001,18.3,46,1439,0,0
974,1,2020-09-01,13.5,9.0,17.6,50,1110,0,0
975,2,2020-09-02,14.8,7.9,21.700000000000003,102,1722,0,0
976,3,2020-09-03,16.3,10.700000000000001,20.700000000000003,0,430,110,122
977,4,2020-09-04,17.3,13.8,21.0,44,1260,20,21
978,5,2020-09-05,14.8,10.4,18.8,68,1452,24,86
979,6,2020-09-06,14.200000000000001,9.0,19.3,88,1555,9,12
980,7,2020-09-07,15.5,8.0,21.0,98,1613,0,0
981,8,2020-09-08,17.3,15.100000000000001,19.0,0,413,0,-1
982,9,2020-09-09,16.8,8.6,20.900000000000002,0,430,7,5
983,10,2020-09-10,13.200000000000001,7.0,19.8,72,1353,0,0
984,11,2020-09-11,13.700000000000001,8.700000000000001,20.0,99,1528,0,0
985,12,2020-09-12,14.200000000000001,8.6,19.1,33,798,0,0
986,13,2020-09-13,16.400000000000002,10.9,22.5,100,1688,0,0
987,14,2020-09-14,18.6,9.5,28.5,115,1658,0,0
988,15,2020-09-15,21.200000000000003,12.3,31.400000000000002,113,1627,0,0
989,16,2020-09-16,18.400000000000002,13.3,23.5,75,1308,0,0
990,17,2020-09-17,13.5,7.9,19.0,112,1629,0,0
991,18,2020-09-18,14.5,7.4,21.3,114,1708,0,0
992,19,2020-09-19,15.4,7.300000000000001,23.3,114,1603,0,0
993,20,2020-09-20,14.9,7.5,22.8,114,1642,0,0
994,21,2020-09-21,14.9,7.7,25.3,114,1558,0,0
995,22,2020-09-22,14.100000000000001,5.2,23.6,112,1478,0,0
996,23,2020-09-23,16.2,9.5,21.8,29,819,37,80
997,24,2020-09-24,13.700000000000001,11.5,17.5,62,950,40,67
998,25,2020-09-25,10.9,8.8,13.5,47,809,18,44
999,26,2020-09-26,12.8,9.1,16.2,72,1125,64,110
1000,27,2020-09-27,14.200000000000001,12.9,16.3,13,675,26,34
1001,28,2020-09-28,12.8,12.100000000000001,13.700000000000001,0,172,36,28
1002,29,2020-09-29,15.100000000000001,12.100000000000001,19.3,35,839,60,28
1003,30,2020-09-30,15.3,12.0,18.400000000000002,22,509,12,17
1004,1,2020-10-01,13.100000000000001,9.0,15.600000000000001,5,243,60,76
1005,2,2020-10-02,12.9,8.0,16.0,5,580,4,1
1006,3,2020-10-03,12.600000000000001,9.9,14.700000000000001,2,161,42,66
1007,4,2020-10-04,11.9,10.5,14.8,36,700,26,17
1008,5,2020-10-05,12.200000000000001,10.200000000000001,14.4,6,363,43,58
1009,6,2020-10-06,12.8,11.200000000000001,14.8,19,422,47,87
1010,7,2020-10-07,12.4,10.700000000000001,15.0,17,527,29,41
1011,8,2020-10-08,13.100000000000001,10.8,15.9,0,159,94,134
1012,9,2020-10-09,11.8,8.200000000000001,15.3,34,637,20,52
1013,10,2020-10-10,8.700000000000001,5.1000000000000005,12.9,46,657,47,99
1014,11,2020-10-11,9.4,5.1000000000000005,13.700000000000001,62,806,9,44
1015,12,2020-10-12,9.4,4.3,14.5,44,727,0,-1
1016,13,2020-10-13,9.600000000000001,6.6000000000000005,12.8,74,823,0,0
1017,14,2020-10-14,9.200000000000001,6.0,12.3,21,606,0,0
1018,15,2020-10-15,9.4,5.9,11.5,11,525,0,0
1019,16,2020-10-16,8.3,4.6000000000000005,12.200000000000001,58,743,0,0
1020,17,2020-10-17,7.1000000000000005,2.0,12.5,28,535,0,-1
1021,18,2020-10-18,8.8,2.0,13.4,27,511,0,0
1022,19,2020-10-19,9.4,7.0,13.200000000000001,8,390,4,2
1023,20,2020-10-20,11.700000000000001,7.800000000000001,14.4,0,181,12,3
1024,21,2020-10-21,15.4,12.5,20.3,11,300,95,86
1025,22,2020-10-22,13.9,10.700000000000001,16.1,48,550,5,5
1026,23,2020-10-23,12.0,6.2,15.9,28,490,0,-1
1027,24,2020-10-24,13.9,11.700000000000001,16.2,6,352,6,2
1028,25,2020-10-25,12.100000000000001,10.0,15.9,3,191,14,41
1029,26,2020-10-26,10.4,8.6,12.700000000000001,45,523,3,1
1030,27,2020-10-27,10.100000000000001,7.5,12.0,9,286,24,18
1031,28,2020-10-28,10.0,8.3,13.0,15,353,77,116
1032,29,2020-10-29,10.700000000000001,7.800000000000001,13.700000000000001,24,351,77,76
1033,30,2020-10-30,14.3,13.3,15.700000000000001,2,217,50,26
1034,31,2020-10-31,13.5,10.9,15.5,17,369,22,27
1035,1,2020-11-01,14.3,10.5,17.6,9,260,30,38
1036,2,2020-11-02,15.8,10.600000000000001,19.3,8,203,20,20
1037,3,2020-11-03,9.200000000000001,6.6000000000000005,12.9,52,582,6,6
1038,4,2020-11-04,6.7,0.9,12.8,80,681,0,0
1039,5,2020-11-05,6.4,0.6000000000000001,12.8,46,514,0,0
1040,6,2020-11-06,8.4,4.6000000000000005,12.4,65,597,0,0
1041,7,2020-11-07,6.800000000000001,3.5,12.600000000000001,75,553,0,0
1042,8,2020-11-08,8.4,1.8,13.200000000000001,15,332,0,-1
1043,9,2020-11-09,12.100000000000001,8.5,16.900000000000002,49,504,0,0
1044,10,2020-11-10,12.4,8.8,16.400000000000002,43,457,0,-1
1045,11,2020-11-11,11.4,10.200000000000001,13.0,2,220,0,0
1046,12,2020-11-12,10.200000000000001,6.6000000000000005,13.200000000000001,25,314,21,124
1047,13,2020-11-13,9.5,4.9,12.9,14,212,3,2
1048,14,2020-11-14,12.4,8.3,14.700000000000001,14,230,19,15
1049,15,2020-11-15,12.700000000000001,9.8,15.600000000000001,15,199,49,77
1050,16,2020-11-16,10.200000000000001,8.9,12.3,13,205,27,23
1051,17,2020-11-17,12.0,10.600000000000001,12.9,3,143,7,1
1052,18,2020-11-18,12.8,10.9,14.9,70,519,7,3
1053,19,2020-11-19,8.200000000000001,3.7,11.700000000000001,23,282,23,70
1054,20,2020-11-20,6.0,3.5,8.5,10,217,1,1
1055,21,2020-11-21,8.700000000000001,5.5,10.200000000000001,0,75,12,3
1056,22,2020-11-22,8.9,5.1000000000000005,11.600000000000001,24,266,41,32
1057,23,2020-11-23,6.1000000000000005,1.1,10.600000000000001,67,470,0,0
1058,24,2020-11-24,7.9,5.1000000000000005,10.200000000000001,20,225,0,0
1059,25,2020-11-25,6.7,3.7,9.200000000000001,46,380,0,0
1060,26,2020-11-26,8.8,7.4,9.8,0,70,86,53
1061,27,2020-11-27,6.300000000000001,3.5,7.5,0,60,32,27
1062,28,2020-11-28,4.2,3.3000000000000003,5.6000000000000005,0,230,0,0
1063,29,2020-11-29,0.9,-3.6,3.7,28,274,0,0
1064,30,2020-11-30,2.4000000000000004,-4.2,8.4,0,51,82,89
1065,1,2020-12-01,8.1,6.4,9.8,3,176,43,72
1066,2,2020-12-02,5.800000000000001,5.2,6.4,0,55,0,-1
1067,3,2020-12-03,5.5,4.6000000000000005,6.2,0,53,106,37
1068,4,2020-12-04,5.0,-0.8,8.0,10,171,24,12
1069,5,2020-12-05,1.3,-3.0,5.6000000000000005,56,354,0,0
1070,6,2020-12-06,1.8,-1.8,4.2,0,140,0,-1
1071,7,2020-12-07,4.2,1.9000000000000001,5.5,2,105,115,83
1072,8,2020-12-08,1.8,-1.6,4.800000000000001,3,159,0,0
1073,9,2020-12-09,0.8,-1.5,3.1,0,95,0,-1
1074,10,2020-12-10,0.6000000000000001,-0.5,2.9000000000000004,31,249,0,0
1075,11,2020-12-11,2.6,-0.30000000000000004,4.4,0,94,54,13
1076,12,2020-12-12,6.5,4.2,8.9,0,79,31,12
1077,13,2020-12-13,6.9,5.7,7.9,2,193,23,13
1078,14,2020-12-14,9.600000000000001,6.5,11.600000000000001,8,151,37,32
1079,15,2020-12-15,8.700000000000001,5.0,10.4,4,78,14,6
1080,16,2020-12-16,7.2,4.6000000000000005,9.700000000000001,61,318,9,1
1081,17,2020-12-17,8.9,6.4,10.3,8,155,59,42
1082,18,2020-12-18,7.9,5.6000000000000005,11.0,53,305,0,0
1083,19,2020-12-19,8.3,5.1000000000000005,11.5,23,170,7,3
1084,20,2020-12-20,8.6,6.9,9.9,18,179,0,0
1085,21,2020-12-21,7.9,4.3,13.100000000000001,0,50,131,212
1086,22,2020-12-22,10.600000000000001,8.6,13.100000000000001,0,103,58,56
1087,23,2020-12-23,10.9,8.6,12.3,3,56,105,167
1088,24,2020-12-24,5.4,3.2,9.1,7,152,46,36
1089,25,2020-12-25,3.2,-1.1,6.6000000000000005,60,339,0,-1
1090,26,2020-12-26,4.5,2.5,5.9,3,120,29,12
1091,27,2020-12-27,5.0,3.2,5.9,0,46,151,130
1092,28,2020-12-28,3.6,1.3,5.4,27,249,49,50
1093,29,2020-12-29,3.7,2.5,5.800000000000001,7,160,63,42
1094,30,2020-12-30,4.2,2.4000000000000004,6.800000000000001,32,223,20,9
1095,31,2020-12-31,2.1,-2.1,4.0,3,95,18,29
1096,1,2021-01-01,3.0,-3.5,5.7,9,194,0,0
1097,2,2021-01-02,3.6,3.1,4.5,0,107,9,3
1098,3,2021-01-03,3.3000000000000003,2.8000000000000003,4.0,0,84,6,1
1099,4,2021-01-04,2.8000000000000003,2.3000000000000003,3.6,0,55,35,11
1100,5,2021-01-05,2.9000000000000004,2.1,3.6,0,50,5,1
1101,6,2021-01-06,2.4000000000000004,1.3,3.2,0,111,6,1
1102,7,2021-01-07,2.6,1.2000000000000002,4.1000000000000005,0,123,152,79
1103,8,2021-01-08,1.1,-2.8000000000000003,4.4,27,270,26,4
1104,9,2021-01-09,-0.6000000000000001,-4.5,6.5,54,382,7,5
1105,10,2021-01-10,1.6,-3.4000000000000004,5.2,24,304,0,-1
1106,11,2021-01-11,5.0,2.9000000000000004,7.0,0,62,29,12
1107,12,2021-01-12,5.2,1.0,8.3,41,358,73,159
1108,13,2021-01-13,4.3,1.7000000000000002,6.2,42,332,11,8
1109,14,2021-01-14,1.2000000000000002,-0.7000000000000001,3.6,15,254,0,0
1110,15,2021-01-15,1.2000000000000002,-0.9,2.4000000000000004,0,82,0,0
1111,16,2021-01-16,0.8,-0.9,2.0,0,123,46,29
1112,17,2021-01-17,3.4000000000000004,-0.1,7.9,21,316,28,22
1113,18,2021-01-18,4.800000000000001,2.1,6.6000000000000005,2,157,2,2
1114,19,2021-01-19,7.7,4.4,10.5,2,69,103,156
1115,20,2021-01-20,9.0,6.800000000000001,10.9,4,162,0,-1
1116,21,2021-01-21,7.0,3.3000000000000003,12.0,38,342,74,118
1117,22,2021-01-22,4.0,0.9,6.6000000000000005,33,348,16,9
1118,23,2021-01-23,3.2,1.1,5.2,9,222,21,4
1119,24,2021-01-24,2.4000000000000004,0.0,5.300000000000001,32,375,2,1
1120,25,2021-01-25,2.3000000000000003,-2.9000000000000004,6.0,57,507,24,29
1121,26,2021-01-26,4.5,2.9000000000000004,7.0,35,379,9,9
1122,27,2021-01-27,4.7,1.6,7.1000000000000005,0,103,36,13
1123,28,2021-01-28,5.1000000000000005,4.0,6.7,0,69,72,102
1124,29,2021-01-29,7.4,2.0,10.100000000000001,3,208,76,100
1125,30,2021-01-30,0.4,-2.7,2.2,3,271,0,0
1126,31,2021-01-31,-1.5,-5.4,2.4000000000000004,71,649,0,-1
1127,1,2021-02-01,1.0,0.2,2.2,0,181,17,2
1128,2,2021-02-02,5.0,0.30000000000000004,9.9,0,147,77,50
1129,3,2021-02-03,8.6,7.5,10.0,0,72,94,150
1130,4,2021-02-04,6.6000000000000005,5.0,8.4,20,323,10,4
1131,5,2021-02-05,6.800000000000001,5.1000000000000005,9.200000000000001,11,275,16,19
1132,6,2021-02-06,2.6,-1.6,6.6000000000000005,0,122,46,36
1133,7,2021-02-07,-4.1000000000000005,-5.2,-1.5,0,137,145,43
1134,8,2021-02-08,-5.6000000000000005,-6.6000000000000005,-4.800000000000001,0,323,38,10
1135,9,2021-02-09,-4.4,-7.6000000000000005,-1.0,51,658,0,-1
1136,10,2021-02-10,-3.7,-6.1000000000000005,-0.6000000000000001,71,731,0,-1
1137,11,2021-02-11,-4.800000000000001,-10.0,-0.1,89,891,0,0
1138,12,2021-02-12,-5.800000000000001,-10.9,-2.9000000000000004,89,876,0,-1
1139,13,2021-02-13,-5.2,-10.600000000000001,-0.6000000000000001,89,966,0,0
1140,14,2021-02-14,-0.6000000000000001,-5.2,3.0,90,783,0,0
1141,15,2021-02-15,2.9000000000000004,0.9,4.9,0,142,57,47
1142,16,2021-02-16,7.300000000000001,3.6,11.0,21,474,20,12
1143,17,2021-02-17,9.5,7.2,11.5,6,377,0,-1
1144,18,2021-02-18,8.1,5.4,11.4,2,320,50,60
1145,19,2021-02-19,7.1000000000000005,3.3000000000000003,10.5,60,738,0,0
1146,20,2021-02-20,11.700000000000001,8.1,15.9,84,878,0,-1
1147,21,2021-02-21,10.700000000000001,7.4,16.900000000000002,91,1008,0,0
1148,22,2021-02-22,12.200000000000001,8.0,16.2,39,627,0,-1
1149,23,2021-02-23,13.4,8.5,17.8,64,797,0,0
1150,24,2021-02-24,13.700000000000001,8.6,18.7,91,998,0,0
1151,25,2021-02-25,11.4,8.1,16.5,67,894,0,-1
1152,26,2021-02-26,6.5,-0.4,10.600000000000001,97,1101,0,-1
1153,27,2021-02-27,4.3,-0.5,9.8,51,760,0,0
1154,28,2021-02-28,4.0,-1.5,10.600000000000001,88,1143,0,0
1155,1,2021-03-01,5.5,2.6,11.0,53,876,0,0
1156,2,2021-03-02,6.300000000000001,0.1,14.5,100,1208,0,0
1157,3,2021-03-03,4.5,0.0,9.9,60,877,0,0
1158,4,2021-03-04,4.2,3.2,5.800000000000001,0,225,0,-1
1159,5,2021-03-05,1.9000000000000001,-3.8000000000000003,6.6000000000000005,100,1313,0,0
1160,6,2021-03-06,0.7000000000000001,-5.4,7.0,71,1064,0,0
1161,7,2021-03-07,1.4000000000000001,-4.7,5.6000000000000005,4,555,0,0
1162,8,2021-03-08,5.4,2.9000000000000004,8.8,30,756,50,28
1163,9,2021-03-09,5.1000000000000005,-0.6000000000000001,7.0,2,342,45,17
1164,10,2021-03-10,5.7,-0.6000000000000001,9.8,0,432,60,36
1165,11,2021-03-11,9.4,6.2,12.0,17,566,22,16
1166,12,2021-03-12,7.1000000000000005,5.1000000000000005,8.5,25,485,10,26
1167,13,2021-03-13,6.9,3.3000000000000003,8.9,19,506,59,77
1168,14,2021-03-14,6.7,4.6000000000000005,8.8,27,667,34,23
1169,15,2021-03-15,6.6000000000000005,5.4,8.6,33,697,27,30
1170,16,2021-03-16,5.6000000000000005,3.7,7.6000000000000005,2,413,106,52
1171,17,2021-03-17,5.0,0.0,8.0,28,770,9,4
1172,18,2021-03-18,4.4,-0.5,8.6,10,649,0,-1
1173,19,2021-03-19,4.6000000000000005,0.4,9.5,107,1493,0,0
1174,20,2021-03-20,4.3,-2.2,8.8,53,1211,5,2
1175,21,2021-03-21,6.1000000000000005,2.3000000000000003,7.4,3,592,5,1
1176,22,2021-03-22,5.7,1.0,8.3,21,665,0,0
1177,23,2021-03-23,6.5,1.5,10.200000000000001,2,537,0,0
1178,24,2021-03-24,6.7,-0.30000000000000004,14.4,105,1557,0,0
1179,25,2021-03-25,8.200000000000001,2.8000000000000003,13.100000000000001,54,939,1,1
1180,26,2021-03-26,9.700000000000001,5.5,14.0,66,1267,25,17
1181,27,2021-03-27,6.9,4.7,9.4,67,1052,10,14
1182,28,2021-03-28,9.700000000000001,6.0,12.9,14,670,0,-1
1183,29,2021-03-29,12.3,6.4,18.8,105,1806,0,0
1184,30,2021-03-30,11.3,1.7000000000000002,21.3,117,1867,0,0
1185,31,2021-03-31,13.8,3.1,23.8,114,1784,0,0
1186,1,2021-04-01,9.600000000000001,4.0,13.200000000000001,105,1769,0,0
1187,2,2021-04-02,5.300000000000001,0.1,7.6000000000000005,7,639,0,-1
1188,3,2021-04-03,7.2,4.9,10.8,48,1404,0,0
1189,4,2021-04-04,6.300000000000001,4.800000000000001,9.600000000000001,27,811,0,0
1190,5,2021-04-05,4.2,0.6000000000000001,8.5,65,1291,25,16
1191,6,2021-04-06,2.5,0.5,5.7,63,1263,22,26
1192,7,2021-04-07,3.4000000000000004,0.4,7.2,40,1037,63,113
1193,8,2021-04-08,5.5,0.8,9.200000000000001,48,1227,0,-1
1194,9,2021-04-09,7.800000000000001,4.5,12.4,68,1369,0,0
1195,10,2021-04-10,5.0,2.2,7.6000000000000005,2,525,120,114
1196,11,2021-04-11,4.2,-0.4,7.9,37,1085,38,12
1197,12,2021-04-12,3.5,-0.6000000000000001,8.3,90,1663,12,7
1198,13,2021-04-13,4.2,-2.2,9.600000000000001,79,1502,0,-1
1199,14,2021-04-14,4.5,-0.6000000000000001,9.600000000000001,61,1411,6,9
1200,15,2021-04-15,5.300000000000001,0.0,9.700000000000001,59,1384,6,13
1201,16,2021-04-16,6.5,-1.9000000000000001,12.5,117,2059,0,0
1202,17,2021-04-17,7.1000000000000005,-0.1,12.100000000000001,122,2133,0,0
1203,18,2021-04-18,8.4,-0.2,15.600000000000001,91,2044,0,0
1204,19,2021-04-19,8.8,4.3,14.600000000000001,32,1271,0,-1
1205,20,2021-04-20,10.9,2.7,17.5,73,1560,0,0
1206,21,2021-04-21,8.1,3.3000000000000003,12.700000000000001,105,1976,0,0
1207,22,2021-04-22,6.7,0.5,11.8,86,2025,0,0
1208,23,2021-04-23,7.1000000000000005,-1.7000000000000002,13.5,132,2412,0,0
1209,24,2021-04-24,7.6000000000000005,0.4,13.5,93,1873,0,0
1210,25,2021-04-25,7.1000000000000005,3.6,10.9,59,1640,0,0
1211,26,2021-04-26,7.300000000000001,1.8,12.5,133,2497,0,0
1212,27,2021-04-27,9.200000000000001,1.0,15.700000000000001,121,2384,0,0
1213,28,2021-04-28,10.8,3.8000000000000003,17.8,70,1789,0,0
1214,29,2021-04-29,7.7,6.300000000000001,9.200000000000001,0,337,97,54
1215,30,2021-04-30,7.800000000000001,5.4,10.3,15,763,77,83
1216,1,2021-05-01,7.7,1.9000000000000001,12.700000000000001,113,2000,0,-1
1217,2,2021-05-02,6.800000000000001,2.1,11.0,81,1663,0,-1
1218,3,2021-05-03,9.9,1.1,13.9,25,1494,7,2
1219,4,2021-05-04,9.0,6.300000000000001,10.9,25,862,63,67
1220,5,2021-05-05,7.1000000000000005,4.4,10.8,90,1846,37,42
1221,6,2021-05-06,5.9,2.6,10.4,51,1183,29,42
1222,7,2021-05-07,6.5,0.8,11.8,116,2116,9,15
1223,8,2021-05-08,10.4,0.7000000000000001,16.400000000000002,16,724,37,25
1224,9,2021-05-09,18.5,11.4,24.900000000000002,74,1830,9,15
1225,10,2021-05-10,15.9,12.4,19.400000000000002,40,1242,9,14
1226,11,2021-05-11,13.600000000000001,9.4,17.1,4,891,32,10
1227,12,2021-05-12,11.5,5.800000000000001,17.6,69,1779,6,19
1228,13,2021-05-13,12.100000000000001,3.7,19.1,75,1952,40,87
1229,14,2021-05-14,11.100000000000001,7.6000000000000005,15.9,40,1712,6,1
1230,15,2021-05-15,10.600000000000001,7.7,13.600000000000001,9,985,24,32
1231,16,2021-05-16,11.4,8.1,14.9,58,1503,24,75
1232,17,2021-05-17,11.100000000000001,7.1000000000000005,14.8,27,1100,48,112
1233,18,2021-05-18,11.3,5.800000000000001,16.400000000000002,92,2067,2,8
1234,19,2021-05-19,10.4,6.300000000000001,14.4,37,1214,27,82
1235,20,2021-05-20,12.200000000000001,5.0,15.8,36,1624,0,-1
1236,21,2021-05-21,13.200000000000001,10.4,16.7,95,2077,2,1
1237,22,2021-05-22,10.5,8.5,12.5,13,799,86,70
1238,23,2021-05-23,11.700000000000001,7.800000000000001,14.9,31,1552,9,9
1239,24,2021-05-24,11.200000000000001,8.6,14.8,14,1050,119,162
1240,25,2021-05-25,10.200000000000001,6.7,14.200000000000001,45,1304,15,29
1241,26,2021-05-26,10.8,8.4,14.0,40,1471,29,84
1242,27,2021-05-27,10.5,7.2,13.5,10,731,73,41
1243,28,2021-05-28,12.600000000000001,3.3000000000000003,19.1,122,2588,0,0
1244,29,2021-05-29,12.5,5.0,17.2,141,2782,0,0
1245,30,2021-05-30,14.9,7.5,21.400000000000002,150,2877,0,0
1246,31,2021-05-31,16.7,9.1,23.0,151,2878,0,0
1247,1,2021-06-01,18.5,8.5,25.200000000000003,152,3021,0,0
1248,2,2021-06-02,21.0,10.8,27.3,154,2936,0,0
1249,3,2021-06-03,20.700000000000003,15.4,25.3,78,1931,0,0
1250,4,2021-06-04,20.0,12.8,25.700000000000003,90,2327,25,12
1251,5,2021-06-05,15.700000000000001,13.4,18.6,0,709,0,-1
1252,6,2021-06-06,16.5,10.3,21.400000000000002,123,2862,0,0
1253,7,2021-06-07,16.8,7.800000000000001,22.400000000000002,152,2987,0,0
1254,8,2021-06-08,19.1,9.8,25.5,152,2951,0,0
1255,9,2021-06-09,19.0,10.9,25.6,138,2808,0,0
1256,10,2021-06-10,19.3,9.8,26.8,143,2761,0,0
1257,11,2021-06-11,18.6,12.0,24.0,73,2107,0,0
1258,12,2021-06-12,16.7,9.600000000000001,20.6,89,2327,0,-1
1259,13,2021-06-13,16.6,7.300000000000001,23.6,153,3018,0,0
1260,14,2021-06-14,20.3,10.200000000000001,27.400000000000002,148,2946,0,0
1261,15,2021-06-15,18.3,13.100000000000001,23.1,110,2637,0,0
1262,16,2021-06-16,21.6,10.600000000000001,28.900000000000002,150,2855,0,0
1263,17,2021-06-17,24.0,16.7,30.8,107,2542,0,0
1264,18,2021-06-18,22.400000000000002,18.8,29.5,74,2026,29,178
1265,19,2021-06-19,18.1,16.1,20.3,18,803,14,90
1266,20,2021-06-20,18.6,15.0,22.5,46,1543,9,7
1267,21,2021-06-21,14.0,12.100000000000001,16.2,2,830,95,108
1268,22,2021-06-22,14.5,10.9,17.900000000000002,49,1807,16,5
1269,23,2021-06-23,14.600000000000001,11.0,17.2,10,1552,24,7
1270,24,2021-06-24,15.0,7.5,19.1,25,1622,0,0
1271,25,2021-06-25,14.8,7.1000000000000005,18.7,4,1055,24,13
1272,26,2021-06-26,19.8,14.5,24.900000000000002,81,2302,0,0
1273,27,2021-06-27,20.8,16.8,27.0,60,2045,19,68
1274,28,2021-06-28,20.3,15.0,24.400000000000002,46,1238,0,-1
1275,29,2021-06-29,17.3,13.5,20.700000000000003,3,821,26,12
1276,30,2021-06-30,14.0,13.200000000000001,16.1,0,443,76,26
1277,1,2021-07-01,15.0,13.0,17.0,5,696,21,6
1278,2,2021-07-02,16.6,11.600000000000001,21.900000000000002,29,1193,14,2
1279,3,2021-07-03,18.400000000000002,10.8,23.400000000000002,40,1528,22,77
1280,4,2021-07-04,18.1,13.100000000000001,23.0,37,1532,38,57
1281,5,2021-07-05,16.7,14.5,19.1,33,1383,30,47
1282,6,2021-07-06,18.0,15.100000000000001,20.900000000000002,51,1459,8,5
1283,7,2021-07-07,17.2,11.700000000000001,21.8,58,1772,0,0
1284,8,2021-07-08,18.1,11.5,23.0,67,1995,0,0
1285,9,2021-07-09,17.6,10.600000000000001,23.8,116,2612,0,0
1286,10,2021-07-10,18.400000000000002,13.0,22.8,37,1702,0,-1
1287,11,2021-07-11,18.8,14.200000000000001,23.400000000000002,58,1781,0,-1
1288,12,2021-07-12,19.700000000000003,12.8,25.200000000000003,51,1885,0,-1
1289,13,2021-07-13,18.8,15.600000000000001,20.6,0,505,4,5
1290,14,2021-07-14,18.8,17.2,21.0,15,824,22,12
1291,15,2021-07-15,17.8,16.7,18.6,0,289,42,63
1292,16,2021-07-16,18.0,15.5,21.700000000000003,74,1886,0,-1
1293,17,2021-07-17,20.0,13.5,24.700000000000003,139,2798,0,0
1294,18,2021-07-18,20.200000000000003,12.700000000000001,26.6,150,2759,0,0
1295,19,2021-07-19,17.400000000000002,11.700000000000001,22.8,85,1940,0,0
1296,20,2021-07-20,17.2,9.200000000000001,23.900000000000002,136,2729,0,0
1297,21,2021-07-21,19.400000000000002,10.700000000000001,25.900000000000002,118,2480,0,0
1298,22,2021-07-22,18.3,13.4,22.900000000000002,130,2530,0,0
1299,23,2021-07-23,17.0,10.8,21.200000000000003,58,1567,0,0
1300,24,2021-07-24,18.2,13.3,22.3,26,1005,7,1
1301,25,2021-07-25,19.700000000000003,15.200000000000001,25.8,87,1917,25,190
1302,26,2021-07-26,18.3,14.100000000000001,22.8,45,1441,35,201
1303,27,2021-07-27,17.6,15.100000000000001,22.1,19,1119,31,151
1304,28,2021-07-28,17.6,15.0,20.700000000000003,40,1264,9,33
1305,29,2021-07-29,17.3,13.200000000000001,21.5,129,2464,6,9
1306,30,2021-07-30,17.0,11.0,21.400000000000002,48,1401,11,40
1307,31,2021-07-31,16.400000000000002,12.100000000000001,20.0,61,1447,27,86
1308,1,2021-08-01,16.0,11.200000000000001,19.3,35,1317,12,23
1309,2,2021-08-02,15.3,10.3,19.6,73,1629,0,-1
1310,3,2021-08-03,14.3,9.9,18.6,18,1011,11,64
1311,4,2021-08-04,16.1,9.1,21.400000000000002,67,1660,13,6
1312,5,2021-08-05,18.3,11.100000000000001,23.3,70,1750,0,0
1313,6,2021-08-06,18.8,16.1,21.900000000000002,63,1540,4,21
1314,7,2021-08-07,17.0,14.3,22.3,62,1668,23,77
1315,8,2021-08-08,16.3,14.8,19.8,43,1415,37,84
1316,9,2021-08-09,16.6,13.5,20.5,51,1334,8,121
1317,10,2021-08-10,16.8,10.9,22.200000000000003,102,1849,5,19
1318,11,2021-08-11,17.400000000000002,10.5,23.6,124,2311,0,0
1319,12,2021-08-12,19.0,12.600000000000001,25.200000000000003,87,2070,0,-1
1320,13,2021-08-13,17.7,13.3,21.400000000000002,53,1561,0,0
1321,14,2021-08-14,17.6,13.200000000000001,22.900000000000002,71,1476,0,0
1322,15,2021-08-15,19.1,13.3,24.700000000000003,76,1978,0,0
1323,16,2021-08-16,15.9,13.100000000000001,17.900000000000002,46,1141,20,65
1324,17,2021-08-17,14.700000000000001,12.200000000000001,16.8,2,446,38,47
1325,18,2021-08-18,16.8,14.8,20.0,1,737,13,16
1326,19,2021-08-19,16.5,12.600000000000001,18.2,0,461,6,4
1327,20,2021-08-20,17.5,12.0,22.5,43,1228,0,-1
1328,21,2021-08-21,18.7,11.600000000000001,23.3,38,1426,35,119
1329,22,2021-08-22,17.900000000000002,16.3,20.200000000000003,10,766,56,188
1330,23,2021-08-23,18.2,14.600000000000001,22.0,80,1709,0,-1
1331,24,2021-08-24,17.1,12.5,21.700000000000003,108,1878,0,0
1332,25,2021-08-25,16.2,10.700000000000001,21.3,84,1864,4,2
1333,26,2021-08-26,16.3,12.200000000000001,19.6,49,1288,3,5
1334,27,2021-08-27,15.8,13.100000000000001,19.400000000000002,69,1447,10,19
1335,28,2021-08-28,17.0,14.200000000000001,20.200000000000003,45,1336,2,27
1336,29,2021-08-29,16.2,15.0,17.2,0,370,22,11
1337,30,2021-08-30,17.6,14.8,21.3,39,1234,0,0
1338,31,2021-08-31,16.3,11.0,19.8,42,1240,0,0
1339,1,2021-09-01,16.5,14.4,18.6,2,685,0,0
1340,2,2021-09-02,16.3,12.200000000000001,21.200000000000003,56,1442,0,0
1341,3,2021-09-03,16.400000000000002,11.4,22.700000000000003,110,1729,0,0
1342,4,2021-09-04,15.4,11.5,21.1,82,1700,0,0
1343,5,2021-09-05,15.600000000000001,9.4,23.400000000000002,123,1946,0,0
1344,6,2021-09-06,16.5,7.9,24.3,92,1602,0,0
1345,7,2021-09-07,18.3,11.100000000000001,26.0,80,1560,0,0
1346,8,2021-09-08,19.400000000000002,11.4,26.900000000000002,122,1831,0,0
1347,9,2021-09-09,19.700000000000003,12.700000000000001,26.400000000000002,99,1579,0,0
1348,10,2021-09-10,19.5,16.900000000000002,23.400000000000002,20,892,21,63
1349,11,2021-09-11,18.3,16.0,20.8,13,767,8,10
1350,12,2021-09-12,15.9,10.100000000000001,21.5,39,973,0,0
1351,13,2021-09-13,14.5,9.1,18.8,21,962,0,0
1352,14,2021-09-14,17.3,11.700000000000001,22.400000000000002,49,1188,7,10
1353,15,2021-09-15,16.8,14.200000000000001,20.0,3,521,0,-1
1354,16,2021-09-16,16.2,11.5,20.3,82,1222,0,-1
1355,17,2021-09-17,15.9,10.3,21.1,39,946,0,0
1356,18,2021-09-18,15.3,8.6,22.3,73,1314,0,0
1357,19,2021-09-19,15.4,11.8,20.700000000000003,69,1320,0,0
1358,20,2021-09-20,11.9,5.5,17.3,82,1273,0,0
1359,21,2021-09-21,11.8,3.7,19.400000000000002,98,1342,0,0
1360,22,2021-09-22,13.200000000000001,6.1000000000000005,20.900000000000002,92,1409,0,0
1361,23,2021-09-23,15.8,11.5,19.400000000000002,35,789,0,-1
1362,24,2021-09-24,17.900000000000002,12.700000000000001,21.6,53,1030,0,0
1363,25,2021-09-25,16.900000000000002,11.8,21.900000000000002,30,753,0,0
1364,26,2021-09-26,17.7,11.9,23.700000000000003,51,1029,0,0
1365,27,2021-09-27,15.4,11.100000000000001,20.8,20,588,22,49
1366,28,2021-09-28,14.0,9.8,19.200000000000003,99,1330,0,0
1367,29,2021-09-29,11.8,9.5,15.4,17,515,52,146
1368,30,2021-09-30,12.3,9.0,14.100000000000001,31,740,0,-1
1369,1,2021-10-01,13.5,11.8,16.0,3,420,39,62
1370,2,2021-10-02,14.4,11.9,16.8,25,669,54,71
1371,3,2021-10-03,12.9,11.600000000000001,16.6,12,328,131,215
1372,4,2021-10-04,13.5,10.4,17.7,87,1160,0,0
1373,5,2021-10-05,12.700000000000001,10.4,16.5,57,705,34,50
1374,6,2021-10-06,12.3,7.9,16.3,26,560,90,252
1375,7,2021-10-07,10.5,6.4,15.600000000000001,90,1162,0,0
1376,8,2021-10-08,10.700000000000001,5.300000000000001,17.900000000000002,85,1145,0,0
1377,9,2021-10-09,9.8,4.1000000000000005,16.400000000000002,101,1175,0,0
1378,10,2021-10-10,10.200000000000001,2.2,16.400000000000002,57,896,11,9
1379,11,2021-10-11,11.8,6.300000000000001,16.0,43,735,4,1
1380,12,2021-10-12,10.100000000000001,4.3,14.200000000000001,46,696,54,75
1381,13,2021-10-13,10.100000000000001,3.8000000000000003,14.100000000000001,23,617,0,-1
1382,14,2021-10-14,13.700000000000001,11.3,16.2,11,390,2,4
1383,15,2021-10-15,10.5,3.6,14.8,66,867,20,33
1384,16,2021-10-16,10.3,5.6000000000000005,13.8,37,637,0,0
1385,17,2021-10-17,11.3,8.5,14.3,14,539,0,-1
1386,18,2021-10-18,11.5,6.800000000000001,14.5,32,625,0,-1
1387,19,2021-10-19,16.3,13.3,19.400000000000002,18,286,48,12
1388,20,2021-10-20,15.600000000000001,12.600000000000001,18.0,11,299,39,144
1389,21,2021-10-21,10.0,6.4,14.600000000000001,36,474,82,145
1390,22,2021-10-22,8.4,2.5,12.8,26,458,29,41
1391,23,2021-10-23,7.300000000000001,1.0,12.100000000000001,0,304,0,0
1392,24,2021-10-24,7.9,4.1000000000000005,13.3,90,938,0,0
1393,25,2021-10-25,10.700000000000001,6.4,13.0,0,227,26,14
1394,26,2021-10-26,12.600000000000001,9.8,14.700000000000001,25,384,4,5
1395,27,2021-10-27,13.4,10.200000000000001,16.7,40,526,0,0
1396,28,2021-10-28,11.4,7.4,16.400000000000002,87,841,0,0
1397,29,2021-10-29,13.100000000000001,9.200000000000001,17.8,57,664,0,-1
1398,30,2021-10-30,12.0,10.200000000000001,14.100000000000001,0,131,96,159
1399,31,2021-10-31,11.5,8.5,15.3,18,353,35,155
1400,1,2021-11-01,9.4,5.800000000000001,13.0,51,628,7,8
1401,2,2021-11-02,7.0,2.6,9.8,0,222,25,5
1402,3,2021-11-03,5.0,1.8,9.3,17,398,0,0
1403,4,2021-11-04,5.800000000000001,2.7,11.600000000000001,25,368,17,18
1404,5,2021-11-05,7.7,0.9,12.600000000000001,55,508,0,-1
1405,6,2021-11-06,9.700000000000001,7.4,11.5,0,230,20,15
1406,7,2021-11-07,9.9,6.9,12.3,51,463,23,19
1407,8,2021-11-08,8.1,2.8000000000000003,12.4,20,379,3,2
1408,9,2021-11-09,8.200000000000001,3.0,11.3,7,304,0,0
1409,10,2021-11-10,8.9,6.7,10.4,0,174,0,0
1410,11,2021-11-11,9.700000000000001,8.3,10.9,5,178,5,1
1411,12,2021-11-12,7.4,3.9000000000000004,9.5,18,292,8,2
1412,13,2021-11-13,10.9,9.200000000000001,13.3,6,249,51,114
1413,14,2021-11-14,9.700000000000001,8.700000000000001,10.5,0,172,0,0
1414,15,2021-11-15,6.6000000000000005,5.1000000000000005,8.8,0,68,0,0
1415,16,2021-11-16,5.1000000000000005,4.800000000000001,5.9,0,51,0,-1
1416,17,2021-11-17,8.200000000000001,5.9,12.100000000000001,30,277,4,9
1417,18,2021-11-18,10.0,6.2,11.8,40,435,0,0
1418,19,2021-11-19,11.9,9.600000000000001,14.200000000000001,14,267,0,0
1419,20,2021-11-20,10.100000000000001,8.9,11.0,0,76,63,17
1420,21,2021-11-21,8.0,5.2,11.0,62,476,20,34
1421,22,2021-11-22,3.6,-0.8,9.200000000000001,75,501,0,0
1422,23,2021-11-23,6.4,0.6000000000000001,11.100000000000001,16,272,8,14
1423,24,2021-11-24,6.1000000000000005,3.9000000000000004,7.5,8,178,0,0
1424,25,2021-11-25,5.5,2.2,9.200000000000001,15,236,15,16
1425,26,2021-11-26,4.4,3.6,5.6000000000000005,6,170,95,98
1426,27,2021-11-27,3.0,2.5,3.8000000000000003,0,112,169,180
1427,28,2021-11-28,2.2,-1.3,4.2,13,171,13,5
1428,29,2021-11-29,4.3,1.5,7.5,50,389,12,11
1429,30,2021-11-30,8.6,4.0,10.4,0,53,183,197
1430,1,2021-12-01,8.0,4.6000000000000005,10.600000000000001,4,166,73,65
1431,2,2021-12-02,2.3000000000000003,-1.8,5.2,29,290,38,53
1432,3,2021-12-03,3.5,1.0,4.7,0,137,5,1
1433,4,2021-12-04,4.9,4.3,5.7,0,69,46,42
1434,5,2021-12-05,4.3,2.5,5.4,0,144,0,-1
1435,6,2021-12-06,3.0,0.5,3.9000000000000004,0,114,62,75
1436,7,2021-12-07,4.0,0.7000000000000001,6.0,57,349,57,47
1437,8,2021-12-08,5.1000000000000005,1.9000000000000001,7.0,31,284,5,2
1438,9,2021-12-09,3.6,1.3,5.4,0,146,0,-1
1439,10,2021-12-10,3.0,-1.2000000000000002,4.800000000000001,0,120,7,1
1440,11,2021-12-11,4.3,-1.0,8.6,49,350,23,11
1441,12,2021-12-12,8.9,5.300000000000001,11.100000000000001,0,84,81,37
1442,13,2021-12-13,9.700000000000001,8.6,10.600000000000001,0,116,0,0
1443,14,2021-12-14,9.0,7.800000000000001,10.100000000000001,0,93,19,5
1444,15,2021-12-15,9.8,7.7,11.0,0,135,0,0
1445,16,2021-12-16,6.5,2.6,11.8,68,343,0,0
1446,17,2021-12-17,7.7,6.5,8.6,0,86,0,-1
1447,18,2021-12-18,6.2,4.7,7.9,0,138,7,1
1448,19,2021-12-19,6.800000000000001,5.800000000000001,7.300000000000001,2,88,10,3
1449,20,2021-12-20,3.5,-3.3000000000000003,7.300000000000001,15,190,0,-1
1450,21,2021-12-21,-2.2,-5.5,4.7,66,378,0,0
1451,22,2021-12-22,-2.4000000000000004,-6.1000000000000005,0.0,62,340,0,0
1452,23,2021-12-23,2.3000000000000003,-1.3,7.7,7,177,37,14
1453,24,2021-12-24,7.800000000000001,4.0,10.0,0,78,90,55
1454,25,2021-12-25,-1.0,-4.6000000000000005,4.0,63,390,0,-1
1455,26,2021-12-26,-1.0,-5.0,2.4000000000000004,24,215,0,-1
1456,27,2021-12-27,5.6000000000000005,2.2,9.0,10,162,32,12
1457,28,2021-12-28,8.8,7.300000000000001,10.700000000000001,12,107,64,58
1458,29,2021-12-29,9.5,8.4,12.100000000000001,0,87,69,50
1459,30,2021-12-30,12.9,10.0,13.9,0,92,22,16
1460,31,2021-12-31,12.8,11.100000000000001,14.4,4,144,0,-1
1461,1,2022-01-01,12.3,10.9,13.200000000000001,17,220,10,3
1462,2,2022-01-02,11.700000000000001,10.200000000000001,13.0,10,170,52,132
1463,3,2022-01-03,9.700000000000001,8.8,11.0,23,180,0,-1
1464,4,2022-01-04,6.5,3.2,8.9,9,155,7,3
1465,5,2022-01-05,5.1000000000000005,2.3000000000000003,7.6000000000000005,5,119,55,54
1466,6,2022-01-06,3.7,-1.1,6.5,51,320,0,-1
1467,7,2022-01-07,3.7,0.7000000000000001,6.7,15,171,45,33
1468,8,2022-01-08,2.9000000000000004,-2.6,6.2,0,126,115,147
1469,9,2022-01-09,4.6000000000000005,-1.5,7.7,43,347,10,25
1470,10,2022-01-10,1.7000000000000002,-2.5,6.9,37,331,0,0
1471,11,2022-01-11,2.3000000000000003,0.2,5.2,25,267,23,6
1472,12,2022-01-12,4.0,3.1,5.0,2,219,9,2
1473,13,2022-01-13,4.3,3.3000000000000003,5.300000000000001,0,131,0,0
1474,14,2022-01-14,4.6000000000000005,3.2,6.0,0,121,0,0
1475,15,2022-01-15,2.3000000000000003,0.8,4.3,0,100,0,-1
1476,16,2022-01-16,5.300000000000001,1.5,7.300000000000001,0,114,0,-1
1477,17,2022-01-17,6.4,2.1,9.1,10,183,0,0
1478,18,2022-01-18,3.4000000000000004,0.1,6.4,0,143,0,0
1479,19,2022-01-19,3.6,-1.8,7.1000000000000005,0,92,20,8
1480,20,2022-01-20,3.5,-0.9,6.1000000000000005,30,321,16,18
1481,21,2022-01-21,4.1000000000000005,-0.7000000000000001,7.0,15,201,0,-1
1482,22,2022-01-22,6.4,5.6000000000000005,7.6000000000000005,0,100,0,-1
1483,23,2022-01-23,6.1000000000000005,4.7,7.300000000000001,0,170,0,-1
1484,24,2022-01-24,4.5,3.7,5.7,0,141,0,0
1485,25,2022-01-25,3.0,2.4000000000000004,3.8000000000000003,0,103,0,0
1486,26,2022-01-26,4.2,2.3000000000000003,6.0,0,120,0,0
1487,27,2022-01-27,7.0,5.0,9.600000000000001,2,140,23,35
1488,28,2022-01-28,6.6000000000000005,4.5,9.0,60,507,0,0
1489,29,2022-01-29,9.1,6.4,11.700000000000001,20,253,19,5
1490,30,2022-01-30,6.0,4.3,8.4,60,480,0,-1
1491,31,2022-01-31,5.7,3.5,7.1000000000000005,0,91,111,102
1492,1,2022-02-01,7.4,3.4000000000000004,9.9,0,114,53,35
1493,2,2022-02-02,8.700000000000001,7.1000000000000005,10.700000000000001,58,558,11,5
1494,3,2022-02-03,7.6000000000000005,6.9,8.5,0,125,18,7
1495,4,2022-02-04,6.7,3.8000000000000003,9.1,2,173,37,61
1496,5,2022-02-05,6.4,3.4000000000000004,8.1,52,502,60,96
1497,6,2022-02-06,7.4,4.0,9.4,8,164,113,249
1498,7,2022-02-07,6.300000000000001,2.9000000000000004,8.3,79,702,2,6
1499,8,2022-02-08,10.0,7.2,12.5,19,413,2,1
1500,9,2022-02-09,8.9,8.3,10.0,2,255,35,8
1501,10,2022-02-10,6.800000000000001,4.2,8.5,20,427,24,17
1502,11,2022-02-11,3.8000000000000003,-2.4000000000000004,7.7,55,635,10,17
1503,12,2022-02-12,2.6,-3.6,7.300000000000001,84,835,0,0
1504,13,2022-02-13,6.1000000000000005,1.0,10.3,47,598,0,0
1505,14,2022-02-14,9.0,5.9,11.4,34,503,14,19
1506,15,2022-02-15,7.5,5.5,9.200000000000001,40,523,61,68
1507,16,2022-02-16,11.100000000000001,8.3,13.200000000000001,0,190,95,103
1508,17,2022-02-17,9.0,6.800000000000001,12.4,54,712,3,4
1509,18,2022-02-18,8.4,6.0,12.3,16,227,26,27
1510,19,2022-02-19,6.1000000000000005,4.5,8.4,25,485,36,84
1511,20,2022-02-20,8.200000000000001,4.2,10.700000000000001,0,109,163,342
1512,21,2022-02-21,6.5,4.1000000000000005,8.200000000000001,9,242,43,95
1513,22,2022-02-22,7.1000000000000005,3.7,10.5,3,256,27,43
1514,23,2022-02-23,8.0,4.1000000000000005,11.3,87,1007,0,0
1515,24,2022-02-24,6.2,2.7,10.100000000000001,16,425,27,27
1516,25,2022-02-25,4.7,-0.7000000000000001,8.6,50,610,18,18
1517,26,2022-02-26,2.2,-2.7,8.700000000000001,97,1060,0,0
1518,27,2022-02-27,4.2,-2.0,9.200000000000001,99,1150,0,0
1519,28,2022-02-28,4.5,0.1,9.5,100,1160,0,0
1520,1,2022-03-01,5.2,1.8,8.3,5,409,8,3
1521,2,2022-03-02,5.6000000000000005,1.3,11.700000000000001,99,1097,0,0
1522,3,2022-03-03,5.0,-2.5,11.700000000000001,100,1275,0,0
1523,4,2022-03-04,4.2,-0.9,11.0,101,1320,0,0
1524,5,2022-03-05,2.6,-3.3000000000000003,8.700000000000001,100,1274,0,0
1525,6,2022-03-06,2.4000000000000004,-1.9000000000000001,6.4,100,1307,0,0
1526,7,2022-03-07,2.3000000000000003,-4.4,7.7,101,1346,0,0
1527,8,2022-03-08,4.9,-0.8,10.100000000000001,103,1395,0,0
1528,9,2022-03-09,6.1000000000000005,-0.4,13.200000000000001,105,1393,0,0
1529,10,2022-03-10,8.5,0.30000000000000004,15.3,103,1395,0,0
1530,11,2022-03-11,10.100000000000001,5.6000000000000005,14.4,97,1349,0,0
1531,12,2022-03-12,11.200000000000001,7.2,15.100000000000001,58,1106,0,-1
1532,13,2022-03-13,12.100000000000001,8.5,16.5,72,1131,0,-1
1533,14,2022-03-14,9.0,3.0,13.5,50,917,0,-1
1534,15,2022-03-15,7.4,2.4000000000000004,14.100000000000001,51,1031,0,0
1535,16,2022-03-16,9.1,1.1,13.200000000000001,56,1069,0,-1
1536,17,2022-03-17,7.6000000000000005,0.0,11.8,72,1214,8,4
1537,18,2022-03-18,7.800000000000001,-1.7000000000000002,15.3,110,1532,0,0
1538,19,2022-03-19,8.8,3.7,14.100000000000001,110,1644,0,0
1539,20,2022-03-20,4.5,-1.1,8.700000000000001,24,699,0,-1
1540,21,2022-03-21,7.7,-1.9000000000000001,16.3,111,1581,0,0
1541,22,2022-03-22,10.3,2.4000000000000004,19.6,98,1530,0,0
1542,23,2022-03-23,9.8,0.0,19.3,113,1622,0,0
1543,24,2022-03-24,9.4,0.5,18.3,105,1540,0,0
1544,25,2022-03-25,8.6,-0.8,16.7,113,1694,0,0
1545,26,2022-03-26,10.4,1.4000000000000001,17.400000000000002,115,1743,0,0
1546,27,2022-03-27,10.3,5.800000000000001,16.400000000000002,108,1797,0,0
1547,28,2022-03-28,8.3,2.6,14.3,90,1652,0,0
1548,29,2022-03-29,8.200000000000001,4.4,14.0,57,1284,0,0
1549,30,2022-03-30,6.0,0.4,10.600000000000001,65,1401,10,7
1550,31,2022-03-31,1.9000000000000001,0.0,4.5,0,544,144,128
1551,1,2022-04-01,2.1,-0.30000000000000004,4.7,39,1012,64,49
1552,2,2022-04-02,2.4000000000000004,-3.2,6.300000000000001,53,1013,0,-1
1553,3,2022-04-03,3.0,-4.0,8.5,70,1290,0,-1
1554,4,2022-04-04,7.1000000000000005,3.3000000000000003,10.700000000000001,0,257,163,207
1555,5,2022-04-05,10.0,7.5,11.9,1,474,62,32
1556,6,2022-04-06,9.700000000000001,8.8,10.700000000000001,0,379,51,34
1557,7,2022-04-07,8.0,4.2,11.3,27,810,90,192
1558,8,2022-04-08,6.300000000000001,3.3000000000000003,8.8,40,1060,3,4
1559,9,2022-04-09,5.800000000000001,2.2,9.600000000000001,70,1434,22,54
1560,10,2022-04-10,6.2,1.3,11.9,90,1665,0,-1
1561,11,2022-04-11,9.1,0.2,15.0,120,1947,0,0
1562,12,2022-04-12,13.8,6.5,20.6,88,1710,0,0
1563,13,2022-04-13,13.100000000000001,9.0,16.6,26,971,4,1
1564,14,2022-04-14,12.100000000000001,5.5,18.7,113,1847,0,0
1565,15,2022-04-15,9.8,7.6000000000000005,12.600000000000001,25,1336,0,0
1566,16,2022-04-16,10.5,4.6000000000000005,16.5,128,2284,0,0
1567,17,2022-04-17,10.8,2.9000000000000004,17.6,132,2383,0,0
1568,18,2022-04-18,12.0,5.1000000000000005,19.3,119,2148,0,0
1569,19,2022-04-19,12.3,2.6,19.1,130,2175,0,0
1570,20,2022-04-20,12.200000000000001,5.2,17.7,129,2306,0,0
1571,21,2022-04-21,12.600000000000001,4.9,18.1,121,2246,0,0
1572,22,2022-04-22,13.100000000000001,8.700000000000001,17.8,97,1942,0,0
1573,23,2022-04-23,13.600000000000001,9.3,18.7,110,1968,0,0
1574,24,2022-04-24,12.0,7.7,17.5,129,2275,0,0
1575,25,2022-04-25,8.6,6.9,10.5,2,482,41,38
1576,26,2022-04-26,9.200000000000001,2.4000000000000004,13.8,97,2157,0,-1
1577,27,2022-04-27,7.5,0.2,13.600000000000001,93,2029,0,0
1578,28,2022-04-28,8.8,0.2,15.200000000000001,126,2470,0,0
